PVPenetrationPercent,ControlStrategy,Time_h,LoadMultiplier,Irradiance,MinVoltage,MaxVoltage,MeanAbsVoltageDeviation,ActiveLoss_kW,VoltageViolationCount,PVCurtailment_kW,ReactivePower_kVAr
80,none,0,0.529999959541694,0,0.951085657374924,1,0.0278886723859942,55.0616476711541,0,0,0
80,none,1,0.52999967740537,0,0.951085684563017,1,0.0278886569359285,55.0615867645848,0,0,0
80,none,2,0.529997836439101,0,0.951085861967872,1,0.0278885561228019,55.0611893443371,0,0,0
80,none,3,0.529987794834851,0,0.951086829626831,1,0.0278880062351836,55.0590216312241,0,0,0
80,none,4,0.529942086375913,0,0.951091234300045,1,0.027885503208516,55.0491549820024,0,0,0
80,none,5,0.52976885719901,0,0.951107927126702,1,0.0278760172261601,55.0117703053834,0,0,0
80,none,6,0.529224034259796,0,0.951160424442476,1,0.0278461845891152,54.8942810472785,0,0,0
80,none,7,0.527808874421146,0.226097548585906,0.965706606558225,1,0.0186451736166218,29.8039348138959,0,0,0
80,none,8,0.524795793307557,0.466516495768404,0.97957402734207,1,0.0092464693797402,28.3764115911375,0,0,0
80,none,9,0.519603088401661,0.683020128377198,0.990984951777422,1.01768689365895,0.00566571060414201,47.3021641773779,0,0,0
80,none,10,0.512529042302071,1,0.997407850954385,1.04326932187104,0.0108411924158478,106.397250085014,0,0,0
80,none,11,0.505305990015821,1,0.997467071777879,1.04379454088242,0.0111846224915928,106.870628987809,0,0,0
80,none,12,0.50064182377663,1,0.997505303087933,1.04413344288756,0.0114062166736087,107.185574446628,0,0,0
80,none,13,0.50064182377663,1,0.997505303087933,1.04413344288756,0.0114062166736087,107.185574446628,0,0,0
80,none,14,0.505305990015821,1,0.997467071777879,1.04379454088242,0.0111846224915928,106.870628987809,0,0,0
80,none,15,0.512529042302071,0.683020128377198,0.991581519032337,1.0182217004674,0.0055316025611782,47.234385348716,0,0,0
80,none,16,0.519603088401661,0.466516495768404,0.98002165804158,1,0.00897752961207536,28.0231468228255,0,0,0
80,none,17,0.524795793307557,0.226097548585906,0.965987148392945,1,0.018484790251447,29.3832045207874,0,0,0
80,none,18,0.527808874421146,3.13914904970333e-18,0.951296761268219,1,0.0277687074631845,54.5897391499199,0,0,0
80,none,19,0.529224034259796,0,0.951160424442476,1,0.0278461845891152,54.8942810472785,0,0,0
80,none,20,0.52976885719901,0,0.951107927126702,1,0.0278760172261601,55.0117703053834,0,0,0
80,none,21,0.529942086375913,0,0.951091234300045,1,0.027885503208516,55.0491549820024,0,0,0
80,none,22,0.529987794834851,0,0.951086829626831,1,0.0278880062351836,55.0590216312241,0,0,0
80,none,23,0.529997836439101,0,0.951085861967872,1,0.0278885561228019,55.0611893443371,0,0,0
80,voltvar,0,0.529999959541694,0,0.964680102054769,1,0.0209760375669246,39.414240532302,0,0,609.706541883941
80,voltvar,1,0.52999967740537,0,0.964680116448094,1,0.0209760291772325,39.4141991287256,0,0,609.705916656076
80,voltvar,2,0.529997836439101,0,0.964680210365896,1,0.0209759744337018,39.4139289671643,0,0,609.701836985384
80,voltvar,3,0.529987794834851,0,0.964680722642942,1,0.0209756758337079,39.4124553844124,0,0,609.679584314279
80,voltvar,4,0.529942086375913,0,0.964683054473649,1,0.0209743166381014,39.4057482276448,0,0,609.578292453548
80,voltvar,5,0.52976885719901,0,0.964691891703459,1,0.0209691655227103,39.3803357589541,0,0,609.19441307846
80,voltvar,6,0.529224034259796,0,0.964719684548741,1,0.0209529653835212,39.3004810806589,0,0,607.98711296463
80,voltvar,7,0.527808874421146,0.226097548585906,0.970626874763499,1,0.0169010024795227,25.7360506647778,0,0,113.800409739746
80,voltvar,8,0.524795793307557,0.466516495768404,0.97957402734207,1,0.0092464693797402,28.3764115911375,0,0,0
80,voltvar,9,0.519603088401661,0.683020128377198,0.990984951777422,1.01768689365895,0.00566571060414201,47.3021641773779,0,0,0
80,voltvar,10,0.512529042302071,1,0.99730970910899,1.03455652701199,0.00814673562555479,122.521666842814,0,0,-291.344987435896
80,voltvar,11,0.505305990015821,1,0.997366416168965,1.03486502265659,0.00842158084623429,123.323237322661,0,0,-299.042500936795
80,voltvar,12,0.50064182377663,1,0.997403026916577,1.03506415641269,0.00859895511818112,123.847513115565,0,0,-304.011116858092
80,voltvar,13,0.50064182377663,1,0.997403026916577,1.03506415641269,0.00859895511818112,123.847513115565,0,0,-304.011116858092
80,voltvar,14,0.505305990015821,1,0.997366416168965,1.03486502265659,0.00842158084623429,123.323237322661,0,0,-299.042500936795
80,voltvar,15,0.512529042302071,0.683020128377198,0.991581519032337,1.0182217004674,0.0055316025611782,47.234385348716,0,0,0
80,voltvar,16,0.519603088401661,0.466516495768404,0.98002165804158,1,0.00897752961207536,28.0231468228255,0,0,0
80,voltvar,17,0.524795793307557,0.226097548585906,0.970779625687983,1,0.0168130312659065,25.5830229505538,0,0,107.359227245315
80,voltvar,18,0.527808874421146,3.13914904970333e-18,0.964791867629229,1,0.0209108905115967,39.0935577163411,0,0,604.851463747238
80,voltvar,19,0.529224034259796,0,0.964719684548741,1,0.0209529653835212,39.3004810806589,0,0,607.98711296463
80,voltvar,20,0.52976885719901,0,0.964691891703459,1,0.0209691655227103,39.3803357589541,0,0,609.19441307846
80,voltvar,21,0.529942086375913,0,0.964683054473649,1,0.0209743166381014,39.4057482276448,0,0,609.578292453548
80,voltvar,22,0.529987794834851,0,0.964680722642942,1,0.0209756758337079,39.4124553844124,0,0,609.679584314279
80,voltvar,23,0.529997836439101,0,0.964680210365896,1,0.0209759744337018,39.4139289671643,0,0,609.701836985384
80,voltwatt,0,0.529999959541694,0,0.951085657374924,1,0.0278886723859942,55.0616476711541,0,0,0
80,voltwatt,1,0.52999967740537,0,0.951085684563017,1,0.0278886569359285,55.0615867645848,0,0,0
80,voltwatt,2,0.529997836439101,0,0.951085861967872,1,0.0278885561228019,55.0611893443371,0,0,0
80,voltwatt,3,0.529987794834851,0,0.951086829626831,1,0.0278880062351836,55.0590216312241,0,0,0
80,voltwatt,4,0.529942086375913,0,0.951091234300045,1,0.027885503208516,55.0491549820024,0,0,0
80,voltwatt,5,0.52976885719901,0,0.951107927126702,1,0.0278760172261601,55.0117703053834,0,0,0
80,voltwatt,6,0.529224034259796,0,0.951160424442476,1,0.0278461845891152,54.8942810472785,0,0,0
80,voltwatt,7,0.527808874421146,0.226097548585906,0.965706606558225,1,0.0186451736166218,29.8039348138959,0,0,0
80,voltwatt,8,0.524795793307557,0.466516495768404,0.97957402734207,1,0.0092464693797402,28.3764115911375,0,0,0
80,voltwatt,9,0.519603088401661,0.683020128377198,0.990984951777422,1.01768689365895,0.00566571060414201,47.3021641773779,0,0,0
80,voltwatt,10,0.512529042302071,1,0.997319993656224,1.03705219324841,0.00882560896675879,88.6306205327016,0,176.94151549066,0
80,voltwatt,11,0.505305990015821,1,0.997375417218826,1.03731070744783,0.00908213147585486,88.2778254518559,0,184.670825598174,0
80,voltwatt,12,0.50064182377663,1,0.99741119738861,1.03747757417137,0.00924764153119204,88.0570961196763,0,189.663452418365,0
80,voltwatt,13,0.50064182377663,1,0.99741119738861,1.03747757417137,0.00924764153119204,88.0570961196763,0,189.663452418365,0
80,voltwatt,14,0.505305990015821,1,0.997375417218826,1.03731070744783,0.00908213147585486,88.2778254518559,0,184.670825598174,0
80,voltwatt,15,0.512529042302071,0.683020128377198,0.991581519032337,1.0182217004674,0.0055316025611782,47.234385348716,0,0,0
80,voltwatt,16,0.519603088401661,0.466516495768404,0.98002165804158,1,0.00897752961207536,28.0231468228255,0,0,0
80,voltwatt,17,0.524795793307557,0.226097548585906,0.965987148392945,1,0.018484790251447,29.3832045207874,0,0,0
80,voltwatt,18,0.527808874421146,3.13914904970333e-18,0.951296761268219,1,0.0277687074631845,54.5897391499199,0,0,0
80,voltwatt,19,0.529224034259796,0,0.951160424442476,1,0.0278461845891152,54.8942810472785,0,0,0
80,voltwatt,20,0.52976885719901,0,0.951107927126702,1,0.0278760172261601,55.0117703053834,0,0,0
80,voltwatt,21,0.529942086375913,0,0.951091234300045,1,0.027885503208516,55.0491549820024,0,0,0
80,voltwatt,22,0.529987794834851,0,0.951086829626831,1,0.0278880062351836,55.0590216312241,0,0,0
80,voltwatt,23,0.529997836439101,0,0.951085861967872,1,0.0278885561228019,55.0611893443371,0,0,0
80,hybrid,0,0.529999959541694,0,0.964680102054769,1,0.0209760375669246,39.414240532302,0,0,609.706541883941
80,hybrid,1,0.52999967740537,0,0.964680116448094,1,0.0209760291772325,39.4141991287256,0,0,609.705916656076
80,hybrid,2,0.529997836439101,0,0.964680210365896,1,0.0209759744337018,39.4139289671643,0,0,609.701836985384
80,hybrid,3,0.529987794834851,0,0.964680722642942,1,0.0209756758337079,39.4124553844124,0,0,609.679584314279
80,hybrid,4,0.529942086375913,0,0.964683054473649,1,0.0209743166381014,39.4057482276448,0,0,609.578292453548
80,hybrid,5,0.52976885719901,0,0.964691891703459,1,0.0209691655227103,39.3803357589541,0,0,609.19441307846
80,hybrid,6,0.529224034259796,0,0.964719684548741,1,0.0209529653835212,39.3004810806589,0,0,607.98711296463
80,hybrid,7,0.527808874421146,0.226097548585906,0.970626874763499,1,0.0169010024795227,25.7360506647778,0,0,113.800409739746
80,hybrid,8,0.524795793307557,0.466516495768404,0.97957402734207,1,0.0092464693797402,28.3764115911375,0,0,0
80,hybrid,9,0.519603088401661,0.683020128377198,0.990984951777422,1.01768689365895,0.00566571060414201,47.3021641773779,0,0,0
80,hybrid,10,0.512529042302071,1,0.997284668612807,1.03270198922014,0.00757667446713428,116.067439454866,0,56.4889914592542,-283.195825843091
80,hybrid,11,0.505305990015821,1,0.997339216014078,1.03285461053139,0.007799535561975,116.323354490854,0,61.2229983251823,-290.430794619876
80,hybrid,12,0.50064182377663,1,0.997374432280401,1.0329529614465,0.00794490537015592,116.494784898143,0,64.2740270696444,-295.113459727292
80,hybrid,13,0.50064182377663,1,0.997374432280401,1.0329529614465,0.00794490537015592,116.494784898143,0,64.2740270696444,-295.113459727292
80,hybrid,14,0.505305990015821,1,0.997339216014078,1.03285461053139,0.007799535561975,116.323354490854,0,61.2229983251823,-290.430794619876
80,hybrid,15,0.512529042302071,0.683020128377198,0.991581519032337,1.0182217004674,0.0055316025611782,47.234385348716,0,0,0
80,hybrid,16,0.519603088401661,0.466516495768404,0.98002165804158,1,0.00897752961207536,28.0231468228255,0,0,0
80,hybrid,17,0.524795793307557,0.226097548585906,0.970779625687983,1,0.0168130312659065,25.5830229505538,0,0,107.359227245315
80,hybrid,18,0.527808874421146,3.13914904970333e-18,0.964791867629229,1,0.0209108905115967,39.0935577163411,0,0,604.851463747238
80,hybrid,19,0.529224034259796,0,0.964719684548741,1,0.0209529653835212,39.3004810806589,0,0,607.98711296463
80,hybrid,20,0.52976885719901,0,0.964691891703459,1,0.0209691655227103,39.3803357589541,0,0,609.19441307846
80,hybrid,21,0.529942086375913,0,0.964683054473649,1,0.0209743166381014,39.4057482276448,0,0,609.578292453548
80,hybrid,22,0.529987794834851,0,0.964680722642942,1,0.0209756758337079,39.4124553844124,0,0,609.679584314279
80,hybrid,23,0.529997836439101,0,0.964680210365896,1,0.0209759744337018,39.4139289671643,0,0,609.701836985384
80,hybrid_pso,0,0.529999959541694,0,0.97565271127922,1,0.0137215119292829,49.0044213168514,0,0,1459.6341989417
80,hybrid_pso,1,0.52999967740537,0,0.975652724656714,1,0.0137215044067844,49.0043673797376,0,0,1459.63340337569
80,hybrid_pso,2,0.529997836439101,0,0.975652811946118,1,0.0137214553217735,49.0040154357327,0,0,1459.62821223253
80,hybrid_pso,3,0.529987794834851,0,0.975653288068365,1,0.0137211875863356,49.0020957706473,0,0,1459.59989700659
80,hybrid_pso,4,0.529942086375913,0,0.975655455325401,1,0.0137199688832419,48.993358139173,0,0,1459.47100904172
80,hybrid_pso,5,0.52976885719901,0,0.97566366883697,1,0.0137153502148015,48.960251192358,0,0,1458.98254529133
80,hybrid_pso,6,0.529224034259796,0,0.975689499972818,1,0.0137008246576443,48.8562044525057,0,0,1457.44633043579
80,hybrid_pso,7,0.527808874421146,0.226097548585906,0.980669437672576,1,0.0101728113765565,14.1768561819284,0,0,852.503537066458
80,hybrid_pso,8,0.524795793307557,0.466516495768404,0.985711255772882,1.00149129632375,0.00668798554968377,22.1888024932311,0,0,257.68569193652
80,hybrid_pso,9,0.519603088401661,0.683020128377198,0.991555789984806,1.01331275087542,0.00497603766977771,40.7032491160863,0,100.530576060696,58.4260546465203
80,hybrid_pso,10,0.512529042302071,1,0.997073902983325,1.01747363432367,0.00378334715999524,86.7425172997693,0,432.261091541847,-342.497323889474
80,hybrid_pso,11,0.505305990015821,1,0.997126808668562,1.01754211401662,0.00376478793688028,86.9334394404988,0,438.497466769445,-352.558511251624
80,hybrid_pso,12,0.50064182377663,1,0.997160965226071,1.01758619378815,0.00375509742654839,87.063190692029,0,442.512918181534,-359.075414942341
80,hybrid_pso,13,0.50064182377663,1,0.997160965226071,1.01758619378815,0.00375509742654839,87.063190692029,0,442.512918181534,-359.075414942341
80,hybrid_pso,14,0.505305990015821,1,0.997126808668562,1.01754211401662,0.00376478793688028,86.9334394404988,0,438.497466769445,-352.558511251624
80,hybrid_pso,15,0.512529042302071,0.683020128377198,0.991883196073994,1.0134228233545,0.00485898004407352,40.7810887709796,0,105.090373348218,46.2379553114309
80,hybrid_pso,16,0.519603088401661,0.466516495768404,0.985985199065914,1.00176856554925,0.00656155166238555,22.1331815552907,0,0,248.73065848854
80,hybrid_pso,17,0.524795793307557,0.226097548585906,0.980809610410328,1,0.0100941623166562,13.9402001590001,0,0,844.319651493885
80,hybrid_pso,18,0.527808874421146,3.13914904970333e-18,0.975756587196344,1,0.0136630993415046,48.5864985240354,0,0,1453.45643149864
80,hybrid_pso,19,0.529224034259796,0,0.975689499972818,1,0.0137008246576443,48.8562044525057,0,0,1457.44633043579
80,hybrid_pso,20,0.52976885719901,0,0.97566366883697,1,0.0137153502148015,48.960251192358,0,0,1458.98254529133
80,hybrid_pso,21,0.529942086375913,0,0.975655455325401,1,0.0137199688832419,48.993358139173,0,0,1459.47100904172
80,hybrid_pso,22,0.529987794834851,0,0.975653288068365,1,0.0137211875863356,49.0020957706473,0,0,1459.59989700659
80,hybrid_pso,23,0.529997836439101,0,0.975652811946118,1,0.0137214553217735,49.0040154357327,0,0,1459.62821223253
100,none,0,0.529999959541694,0,0.951085657374924,1,0.0278886723859942,55.0616476711541,0,0,0
100,none,1,0.52999967740537,0,0.951085684563017,1,0.0278886569359285,55.0615867645848,0,0,0
100,none,2,0.529997836439101,0,0.951085861967872,1,0.0278885561228019,55.0611893443371,0,0,0
100,none,3,0.529987794834851,0,0.951086829626831,1,0.0278880062351836,55.0590216312241,0,0,0
100,none,4,0.529942086375913,0,0.951091234300045,1,0.027885503208516,55.0491549820024,0,0,0
100,none,5,0.52976885719901,0,0.951107927126702,1,0.0278760172261601,55.0117703053834,0,0,0
100,none,6,0.529224034259796,0,0.951160424442476,1,0.0278461845891152,54.8942810472785,0,0,0
100,none,7,0.527808874421146,0.226097548585906,0.969134028245318,1,0.016431771315109,27.2949235989454,0,0,0
100,none,8,0.524795793307557,0.466516495768404,0.98553856466889,1.00909255474756,0.00679151501257484,36.3840463119398,0,0,0
100,none,9,0.519603088401661,0.683020128377198,0.997124014555999,1.03136195693623,0.00595423080741524,74.6329793057248,0,0,0
100,none,10,0.512529042302071,1,0.997781236916783,1.06210780608875,0.0191095903308129,176.060827491822,3,0,0
100,none,11,0.505305990015821,1,0.997840158894167,1.06261894869044,0.0194471654554395,176.90038619839,3,0,0
100,none,12,0.50064182377663,1,0.99787819764277,1.06294877981008,0.0196649892300215,177.451273416765,3,0,0
100,none,13,0.50064182377663,1,0.99787819764277,1.06294877981008,0.0196649892300215,177.451273416765,3,0,0
100,none,14,0.505305990015821,1,0.997840158894167,1.06261894869044,0.0194471654554395,176.90038619839,3,0,0
100,none,15,0.512529042302071,0.683020128377198,0.997182217275735,1.03188563455396,0.00606922098616646,74.8512155105187,0,0,0
100,none,16,0.519603088401661,0.466516495768404,0.985981059051986,1.00949057252527,0.00664225734585642,36.191754056498,0,0,0
100,none,17,0.524795793307557,0.226097548585906,0.969412761324452,1,0.0162724326939421,26.9261636501288,0,0,0
100,none,18,0.527808874421146,3.13914904970333e-18,0.951296761268219,1,0.0277687074631845,54.5897391499199,0,0,0
100,none,19,0.529224034259796,0,0.951160424442476,1,0.0278461845891152,54.8942810472785,0,0,0
100,none,20,0.52976885719901,0,0.951107927126702,1,0.0278760172261601,55.0117703053834,0,0,0
100,none,21,0.529942086375913,0,0.951091234300045,1,0.027885503208516,55.0491549820024,0,0,0
100,none,22,0.529987794834851,0,0.951086829626831,1,0.0278880062351836,55.0590216312241,0,0,0
100,none,23,0.529997836439101,0,0.951085861967872,1,0.0278885561228019,55.0611893443371,0,0,0
100,voltvar,0,0.529999959541694,0,0.965919799627821,1,0.020358062283365,39.2133091736349,0,0,662.796822920515
100,voltvar,1,0.52999967740537,0,0.965919812865564,1,0.0203580544991638,39.213267101438,0,0,662.796142832527
100,voltvar,2,0.529997836439101,0,0.965919899243079,1,0.0203580037065196,39.2129925771111,0,0,662.79170519435
100,voltvar,3,0.529987794834851,0,0.96592037039143,1,0.0203577266567467,39.2114951989429,0,0,662.767499980963
100,voltvar,4,0.529942086375913,0,0.965922515008398,1,0.0203564655556905,39.2046797578681,0,0,662.657320365541
100,voltvar,5,0.52976885719901,0,0.965930642726673,1,0.0203516862049139,39.1788573556281,0,0,662.239758112562
100,voltvar,6,0.529224034259796,0,0.965956204133627,1,0.0203366552908861,39.0977180370996,0,0,660.926527871514
100,voltvar,7,0.527808874421146,0.226097548585906,0.972949734788485,1,0.0151372111809368,24.6656216568726,0,0,75.4405077133584
100,voltvar,8,0.524795793307557,0.466516495768404,0.98553856466889,1.00909255474756,0.00679151501257484,36.3840463119398,0,0,0
100,voltvar,9,0.519603088401661,0.683020128377198,0.997058352168496,1.02519726840473,0.00512152709657771,84.8775696005961,0,0,-196.316672116845
100,voltvar,10,0.512529042302071,1,0.997561618484221,1.0434799949215,0.0132122541292514,219.894566722822,0,0,-631.294174450101
100,voltvar,11,0.505305990015821,1,0.997617073662841,1.0437447236466,0.0134399434395563,221.245490936,0,0,-641.763788005265
100,voltvar,12,0.50064182377663,1,0.997652866694288,1.04391424114975,0.0135866625838603,222.126787346283,0,0,-648.548160541378
100,voltvar,13,0.50064182377663,1,0.997652866694288,1.04391424114975,0.0135866625838603,222.126787346283,0,0,-648.548160541378
100,voltvar,14,0.505305990015821,1,0.997617073662841,1.0437447236466,0.0134399434395563,221.245490936,0,0,-641.763788005265
100,voltvar,15,0.512529042302071,0.683020128377198,0.997113257401799,1.02541424296446,0.00509745561502096,85.5727332666327,0,0,-206.279055222238
100,voltvar,16,0.519603088401661,0.466516495768404,0.985981059051986,1.00949057252527,0.00664225734585642,36.191754056498,0,0,0
100,voltvar,17,0.524795793307557,0.226097548585906,0.973120855247655,1,0.0150131576340339,24.3743701343221,0,0,73.3961473454923
100,voltvar,18,0.527808874421146,3.13914904970333e-18,0.966022591450511,1,0.0202976173622724,38.8874907548876,0,0,657.515770157921
100,voltvar,19,0.529224034259796,0,0.965956204133627,1,0.0203366552908861,39.0977180370996,0,0,660.926527871514
100,voltvar,20,0.52976885719901,0,0.965930642726673,1,0.0203516862049139,39.1788573556281,0,0,662.239758112562
100,voltvar,21,0.529942086375913,0,0.965922515008398,1,0.0203564655556905,39.2046797578681,0,0,662.657320365541
100,voltvar,22,0.529987794834851,0,0.96592037039143,1,0.0203577266567467,39.2114951989429,0,0,662.767499980963
100,voltvar,23,0.529997836439101,0,0.965919899243079,1,0.0203580037065196,39.2129925771111,0,0,662.79170519435
100,voltwatt,0,0.529999959541694,0,0.951085657374924,1,0.0278886723859942,55.0616476711541,0,0,0
100,voltwatt,1,0.52999967740537,0,0.951085684563017,1,0.0278886569359285,55.0615867645848,0,0,0
100,voltwatt,2,0.529997836439101,0,0.951085861967872,1,0.0278885561228019,55.0611893443371,0,0,0
100,voltwatt,3,0.529987794834851,0,0.951086829626831,1,0.0278880062351836,55.0590216312241,0,0,0
100,voltwatt,4,0.529942086375913,0,0.951091234300045,1,0.027885503208516,55.0491549820024,0,0,0
100,voltwatt,5,0.52976885719901,0,0.951107927126702,1,0.0278760172261601,55.0117703053834,0,0,0
100,voltwatt,6,0.529224034259796,0,0.951160424442476,1,0.0278461845891152,54.8942810472785,0,0,0
100,voltwatt,7,0.527808874421146,0.226097548585906,0.969134028245318,1,0.016431771315109,27.2949235989454,0,0,0
100,voltwatt,8,0.524795793307557,0.466516495768404,0.98553856466889,1.00909255474756,0.00679151501257484,36.3840463119398,0,0,0
100,voltwatt,9,0.519603088401661,0.683020128377198,0.997119037508926,1.03099758772667,0.00589526773597152,73.7799529453276,0,9.81836547892783,0
100,voltwatt,10,0.512529042302071,1,0.997524310920528,1.04425676705016,0.0132195982877709,111.916357733469,0,533.94734558778,0
100,voltwatt,11,0.505305990015821,1,0.997578542039763,1.0444545424261,0.0134509186805483,111.481678526866,0,543.840557481978,0
100,voltwatt,12,0.50064182377663,1,0.997613554754613,1.04458220879956,0.0136002038287949,111.207796349542,0,550.226564356194,0
100,voltwatt,13,0.50064182377663,1,0.997613554754613,1.04458220879956,0.0136002038287949,111.207796349542,0,550.226564356194,0
100,voltwatt,14,0.505305990015821,1,0.997578542039763,1.0444545424261,0.0134509186805483,111.481678526866,0,543.840557481978,0
100,voltwatt,15,0.512529042302071,0.683020128377198,0.997174414050105,1.03131858182929,0.00595837042294343,73.5120575091756,0,15.3946098327503,0
100,voltwatt,16,0.519603088401661,0.466516495768404,0.985981059051986,1.00949057252527,0.00664225734585642,36.191754056498,0,0,0
100,voltwatt,17,0.524795793307557,0.226097548585906,0.969412761324452,1,0.0162724326939421,26.9261636501288,0,0,0
100,voltwatt,18,0.527808874421146,3.13914904970333e-18,0.951296761268219,1,0.0277687074631845,54.5897391499199,0,0,0
100,voltwatt,19,0.529224034259796,0,0.951160424442476,1,0.0278461845891152,54.8942810472785,0,0,0
100,voltwatt,20,0.52976885719901,0,0.951107927126702,1,0.0278760172261601,55.0117703053834,0,0,0
100,voltwatt,21,0.529942086375913,0,0.951091234300045,1,0.027885503208516,55.0491549820024,0,0,0
100,voltwatt,22,0.529987794834851,0,0.951086829626831,1,0.0278880062351836,55.0590216312241,0,0,0
100,voltwatt,23,0.529997836439101,0,0.951085861967872,1,0.0278885561228019,55.0611893443371,0,0,0
100,hybrid,0,0.529999959541694,0,0.965919799627821,1,0.020358062283365,39.2133091736349,0,0,662.796822920515
100,hybrid,1,0.52999967740537,0,0.965919812865564,1,0.0203580544991638,39.213267101438,0,0,662.796142832527
100,hybrid,2,0.529997836439101,0,0.965919899243079,1,0.0203580037065196,39.2129925771111,0,0,662.79170519435
100,hybrid,3,0.529987794834851,0,0.96592037039143,1,0.0203577266567467,39.2114951989429,0,0,662.767499980963
100,hybrid,4,0.529942086375913,0,0.965922515008398,1,0.0203564655556905,39.2046797578681,0,0,662.657320365541
100,hybrid,5,0.52976885719901,0,0.965930642726673,1,0.0203516862049139,39.1788573556281,0,0,662.239758112562
100,hybrid,6,0.529224034259796,0,0.965956204133627,1,0.0203366552908861,39.0977180370996,0,0,660.926527871514
100,hybrid,7,0.527808874421146,0.226097548585906,0.972949734788485,1,0.0151372111809368,24.6656216568726,0,0,75.4405077133584
100,hybrid,8,0.524795793307557,0.466516495768404,0.98553856466889,1.00909255474756,0.00679151501257484,36.3840463119398,0,0,0
100,hybrid,9,0.519603088401661,0.683020128377198,0.997058341136983,1.02519721755024,0.00512152529566525,84.859436640134,0,0.113899612506473,-196.179566818651
100,hybrid,10,0.512529042302071,1,0.997470418286875,1.03670745881136,0.0111125911716947,187.258756327663,0,222.055182892007,-594.01839558009
100,hybrid,11,0.505305990015821,1,0.997524467715598,1.0368277672627,0.0113254109177185,187.764009256095,0,226.822187786797,-602.194976895479
100,hybrid,12,0.50064182377663,1,0.997559363285944,1.03690534660208,0.0114632171569297,188.095899777561,0,229.896500751185,-607.480364258686
100,hybrid,13,0.50064182377663,1,0.997559363285944,1.03690534660208,0.0114632171569297,188.095899777561,0,229.896500751185,-607.480364258686
100,hybrid,14,0.505305990015821,1,0.997524467715598,1.0368277672627,0.0113254109177185,187.764009256095,0,226.822187786797,-602.194976895479
100,hybrid,15,0.512529042302071,0.683020128377198,0.997113233109483,1.02541448523903,0.00509743799814446,85.5451253637167,0,0.178340589981375,-206.086328517982
100,hybrid,16,0.519603088401661,0.466516495768404,0.985981059051986,1.00949057252527,0.00664225734585642,36.191754056498,0,0,0
100,hybrid,17,0.524795793307557,0.226097548585906,0.973120855247655,1,0.0150131576340339,24.3743701343221,0,0,73.3961473454923
100,hybrid,18,0.527808874421146,3.13914904970333e-18,0.966022591450511,1,0.0202976173622724,38.8874907548876,0,0,657.515770157921
100,hybrid,19,0.529224034259796,0,0.965956204133627,1,0.0203366552908861,39.0977180370996,0,0,660.926527871514
100,hybrid,20,0.52976885719901,0,0.965930642726673,1,0.0203516862049139,39.1788573556281,0,0,662.239758112562
100,hybrid,21,0.529942086375913,0,0.965922515008398,1,0.0203564655556905,39.2046797578681,0,0,662.657320365541
100,hybrid,22,0.529987794834851,0,0.96592037039143,1,0.0203577266567467,39.2114951989429,0,0,662.767499980963
100,hybrid,23,0.529997836439101,0,0.965919899243079,1,0.0203580037065196,39.2129925771111,0,0,662.79170519435
100,hybrid_pso,0,0.529999959541694,0,0.977341697080632,1,0.0126509865265019,52.6363949166312,0,0,1587.17360967576
100,hybrid_pso,1,0.52999967740537,0,0.977341709552378,1,0.012650979576875,52.6363369046171,0,0,1587.17274332268
100,hybrid_pso,2,0.529997836439101,0,0.977341790931691,1,0.0126509342299072,52.6359583715646,0,0,1587.16709028728
100,hybrid_pso,3,0.529987794834851,0,0.977342234817179,1,0.0126506868837323,52.6338936776368,0,0,1587.13625565911
100,hybrid_pso,4,0.529942086375913,0,0.977344255335549,1,0.0126495609906457,52.6244959286998,0,0,1586.99589966112
100,hybrid_pso,5,0.52976885719901,0,0.977351912727913,1,0.012645294059545,52.5888878242086,0,0,1586.46397434632
100,hybrid_pso,6,0.529224034259796,0,0.977375994828725,1,0.0126318747445659,52.4769809097995,0,0,1584.79107686572
100,hybrid_pso,7,0.527808874421146,0.226097548585906,0.982933915019391,1,0.00872139615632314,12.0273645372088,0,0,778.760028812701
100,hybrid_pso,8,0.524795793307557,0.466516495768404,0.98974260205421,1.01007383988318,0.00533966221995302,32.3174651256525,0,0.821682548449816,176.72159324838
100,hybrid_pso,9,0.519603088401661,0.683020128377198,0.994222618731182,1.01522733118633,0.00413942511866714,69.4484533560527,0,230.531035891585,-212.966759433236
100,hybrid_pso,10,0.512529042302071,1,0.997211590967798,1.01887450007322,0.00496050637460241,141.827929254204,0,700.594207018401,-658.240052852619
100,hybrid_pso,11,0.505305990015821,1,0.997263090629492,1.01892134820316,0.00508540285954881,142.015173467187,0,709.754924286912,-667.337417469883
100,hybrid_pso,12,0.50064182377663,1,0.997296341422952,1.01895154676164,0.00516645769537341,142.140312413428,0,715.663421016175,-673.221607716931
100,hybrid_pso,13,0.50064182377663,1,0.997296341422952,1.01895154676164,0.00516645769537341,142.140312413428,0,715.663421016175,-673.221607716931
100,hybrid_pso,14,0.505305990015821,1,0.997263090629492,1.01892134820316,0.00508540285954881,142.015173467187,0,709.754924286912,-667.337417469883
100,hybrid_pso,15,0.512529042302071,0.683020128377198,0.994490589224201,1.01529128897161,0.00405149444452496,69.7628744328719,0,235.714644313837,-226.975112832998
100,hybrid_pso,16,0.519603088401661,0.466516495768404,0.990000504277755,1.0103243311965,0.00526228798561245,32.1410081634918,0,3.7015076888552,171.275132650239
100,hybrid_pso,17,0.524795793307557,0.226097548585906,0.983063566588674,1,0.0086494089654789,11.8608554992153,0,0,769.920333375469
100,hybrid_pso,18,0.527808874421146,3.13914904970333e-18,0.97743853909717,1,0.012597022809377,52.1869024740146,0,0,1580.44620811979
100,hybrid_pso,19,0.529224034259796,0,0.977375994828725,1,0.0126318747445659,52.4769809097995,0,0,1584.79107686572
100,hybrid_pso,20,0.52976885719901,0,0.977351912727913,1,0.012645294059545,52.5888878242086,0,0,1586.46397434632
100,hybrid_pso,21,0.529942086375913,0,0.977344255335549,1,0.0126495609906457,52.6244959286998,0,0,1586.99589966112
100,hybrid_pso,22,0.529987794834851,0,0.977342234817179,1,0.0126506868837323,52.6338936776368,0,0,1587.13625565911
100,hybrid_pso,23,0.529997836439101,0,0.977341790931691,1,0.0126509342299072,52.6359583715646,0,0,1587.16709028728
120,none,0,0.529999959541694,0,0.951085657374924,1,0.0278886723859942,55.0616476711541,0,0,0
120,none,1,0.52999967740537,0,0.951085684563017,1,0.0278886569359285,55.0615867645848,0,0,0
120,none,2,0.529997836439101,0,0.951085861967872,1,0.0278885561228019,55.0611893443371,0,0,0
120,none,3,0.529987794834851,0,0.951086829626831,1,0.0278880062351836,55.0590216312241,0,0,0
120,none,4,0.529942086375913,0,0.951091234300045,1,0.027885503208516,55.0491549820024,0,0,0
120,none,5,0.52976885719901,0,0.951107927126702,1,0.0278760172261601,55.0117703053834,0,0,0
120,none,6,0.529224034259796,0,0.951160424442476,1,0.0278461845891152,54.8942810472785,0,0,0
120,none,7,0.527808874421146,0.226097548585906,0.97241850468043,1,0.0142437503649725,26.1797124783742,0,0,0
120,none,8,0.524795793307557,0.466516495768404,0.991378100325734,1.01865517045681,0.00566420475327851,49.5658295983461,0,0,0
120,none,9,0.519603088401661,0.683020128377198,0.997387178240842,1.04463835204521,0.011329812418506,111.888935232661,0,0,0
120,none,10,0.512529042302071,1,0.998140133903328,1.08022571953048,0.0270643600946329,264.143172666503,5,0,0
120,none,11,0.505305990015821,1,0.998198784742108,1.08072421083558,0.0273953295872859,265.314273755744,5,0,0
120,none,12,0.50064182377663,1,0.998236648763819,1.08104588848879,0.0276088971717299,266.078807634512,5,0,0
120,none,13,0.50064182377663,1,0.998236648763819,1.08104588848879,0.0276088971717299,266.078807634512,5,0,0
120,none,14,0.505305990015821,1,0.998198784742108,1.08072421083558,0.0273953295872859,265.314273755744,5,0,0
120,none,15,0.512529042302071,0.683020128377198,0.997445164721885,1.04515176727686,0.0116657345580774,112.372547031173,0,0,0
120,none,16,0.519603088401661,0.466516495768404,0.991815718780841,1.01904723299562,0.0055667772342565,49.5258497022046,0,0,0
120,none,17,0.524795793307557,0.226097548585906,0.972689782440819,1,0.0140854258880077,25.8614096962941,0,0,0
120,none,18,0.527808874421146,3.13914904970333e-18,0.951296761268219,1,0.0277687074631845,54.5897391499199,0,0,0
120,none,19,0.529224034259796,0,0.951160424442476,1,0.0278461845891152,54.8942810472785,0,0,0
120,none,20,0.52976885719901,0,0.951107927126702,1,0.0278760172261601,55.0117703053834,0,0,0
120,none,21,0.529942086375913,0,0.951091234300045,1,0.027885503208516,55.0491549820024,0,0,0
120,none,22,0.529987794834851,0,0.951086829626831,1,0.0278880062351836,55.0590216312241,0,0,0
120,none,23,0.529997836439101,0,0.951085861967872,1,0.0278885561228019,55.0611893443371,0,0,0
120,voltvar,0,0.529999959541694,0,0.966907810951741,1,0.0198755623154916,39.1820639950894,0,0,704.015816604875
120,voltvar,1,0.52999967740537,0,0.966907823273496,1,0.0198755550025008,39.1820211597111,0,0,704.015093719525
120,voltvar,2,0.529997836439101,0,0.966907903674105,1,0.0198755072845485,39.1817416555956,0,0,704.010376824568
120,voltvar,3,0.529987794834851,0,0.966908342221256,1,0.0198752470057704,39.1802171163187,0,0,703.984648398551
120,voltvar,4,0.529942086375913,0,0.966910338440765,1,0.0198740622446965,39.1732780680034,0,0,703.86753529449
120,voltvar,5,0.52976885719901,0,0.966917903754772,1,0.0198695722119915,39.1469876214002,0,0,703.423696534268
120,voltvar,6,0.529224034259796,0,0.966941696375538,1,0.0198554512254125,39.0643804974849,0,0,702.027829460647
120,voltvar,7,0.527808874421146,0.226097548585906,0.975101398249499,1,0.0132898166580954,24.1606636130921,0,0,55.6148759059607
120,voltvar,8,0.524795793307557,0.466516495768404,0.991378100325734,1.01865517045681,0.00566420475327851,49.5658295983461,0,0,0
120,voltvar,9,0.519603088401661,0.683020128377198,0.997215155380141,1.02934090170711,0.00663794190774939,144.078716894345,0,0,-499.996472638434
120,voltvar,10,0.512529042302071,1,0.997763290877364,1.05028629945121,0.0168409080070039,353.002737231385,1,0,-1046.90326626305
120,voltvar,11,0.505305990015821,1,0.997818100493814,1.05051910812147,0.0170527863207742,354.835331401857,1,0,-1058.26421245842
120,voltvar,12,0.50064182377663,1,0.997853482444647,1.05066971981517,0.0171893757422426,356.024897922996,1,0,-1065.6123272284
120,voltvar,13,0.50064182377663,1,0.997853482444647,1.05066971981517,0.0171893757422426,356.024897922996,1,0,-1065.6123272284
120,voltvar,14,0.505305990015821,1,0.997818100493814,1.05051910812147,0.0170527863207742,354.835331401857,1,0,-1058.26421245842
120,voltvar,15,0.512529042302071,0.683020128377198,0.997268962460944,1.02950386611083,0.00685200246954417,145.275052079124,0,0,-512.344174811438
120,voltvar,16,0.519603088401661,0.466516495768404,0.991815718780841,1.01904723299562,0.0055667772342565,49.5258497022046,0,0,0
120,voltvar,17,0.524795793307557,0.226097548585906,0.975265419459942,1,0.0131687497737505,23.9249199964296,0,0,53.4503803479197
120,voltvar,18,0.527808874421146,3.13914904970333e-18,0.967003489547713,1,0.0198187767570646,38.8503706905121,0,0,698.402463454381
120,voltvar,19,0.529224034259796,0,0.966941696375538,1,0.0198554512254125,39.0643804974849,0,0,702.027829460647
120,voltvar,20,0.52976885719901,0,0.966917903754772,1,0.0198695722119915,39.1469876214002,0,0,703.423696534268
120,voltvar,21,0.529942086375913,0,0.966910338440765,1,0.0198740622446965,39.1732780680034,0,0,703.86753529449
120,voltvar,22,0.529987794834851,0,0.966908342221256,1,0.0198752470057704,39.1802171163187,0,0,703.984648398551
120,voltvar,23,0.529997836439101,0,0.966907903674105,1,0.0198755072845485,39.1817416555956,0,0,704.010376824568
120,voltwatt,0,0.529999959541694,0,0.951085657374924,1,0.0278886723859942,55.0616476711541,0,0,0
120,voltwatt,1,0.52999967740537,0,0.951085684563017,1,0.0278886569359285,55.0615867645848,0,0,0
120,voltwatt,2,0.529997836439101,0,0.951085861967872,1,0.0278885561228019,55.0611893443371,0,0,0
120,voltwatt,3,0.529987794834851,0,0.951086829626831,1,0.0278880062351836,55.0590216312241,0,0,0
120,voltwatt,4,0.529942086375913,0,0.951091234300045,1,0.027885503208516,55.0491549820024,0,0,0
120,voltwatt,5,0.52976885719901,0,0.951107927126702,1,0.0278760172261601,55.0117703053834,0,0,0
120,voltwatt,6,0.529224034259796,0,0.951160424442476,1,0.0278461845891152,54.8942810472785,0,0,0
120,voltwatt,7,0.527808874421146,0.226097548585906,0.97241850468043,1,0.0142437503649725,26.1797124783741,0,0,0
120,voltwatt,8,0.524795793307557,0.466516495768404,0.991378100325734,1.01865517045681,0.00566420475327851,49.5658295983461,0,0,0
120,voltwatt,9,0.519603088401661,0.683020128377198,0.997288549139207,1.03765831099045,0.00906668543502941,91.4788332653363,0,199.268158406522,0
120,voltwatt,10,0.512529042302071,1,0.997698980055346,1.04969150184962,0.0169493941671573,133.767199120564,0,944.331094339667,0
120,voltwatt,11,0.505305990015821,1,0.997752795896499,1.04986589023504,0.0171706778003003,133.335285460134,0,954.929460653844,0
120,voltwatt,12,0.50064182377663,1,0.997787539173154,1.04997846265735,0.017313418760153,133.062945857931,0,961.773385781069,0
120,voltwatt,13,0.50064182377663,1,0.997787539173154,1.04997846265735,0.017313418760153,133.062945857931,0,961.773385781069,0
120,voltwatt,14,0.505305990015821,1,0.997752795896499,1.04986589023504,0.0171706778003003,133.335285460134,0,954.929460653844,0
120,voltwatt,15,0.512529042302071,0.683020128377198,0.997342790313521,1.03790777078043,0.00931682822531314,91.1222517090382,0,206.926819655845,0
120,voltwatt,16,0.519603088401661,0.466516495768404,0.991815718780841,1.01904723299562,0.0055667772342565,49.5258497022046,0,0,0
120,voltwatt,17,0.524795793307557,0.226097548585906,0.972689782440819,1,0.0140854258880077,25.8614096962941,0,0,0
120,voltwatt,18,0.527808874421146,3.13914904970333e-18,0.951296761268219,1,0.0277687074631845,54.5897391499199,0,0,0
120,voltwatt,19,0.529224034259796,0,0.951160424442476,1,0.0278461845891152,54.8942810472785,0,0,0
120,voltwatt,20,0.52976885719901,0,0.951107927126702,1,0.0278760172261601,55.0117703053834,0,0,0
120,voltwatt,21,0.529942086375913,0,0.951091234300045,1,0.027885503208516,55.0491549820024,0,0,0
120,voltwatt,22,0.529987794834851,0,0.951086829626831,1,0.0278880062351836,55.0590216312241,0,0,0
120,voltwatt,23,0.529997836439101,0,0.951085861967872,1,0.0278885561228019,55.0611893443371,0,0,0
120,hybrid,0,0.529999959541694,0,0.966907810951741,1,0.0198755623154916,39.1820639950894,0,0,704.015816604875
120,hybrid,1,0.52999967740537,0,0.966907823273496,1,0.0198755550025008,39.1820211597111,0,0,704.015093719525
120,hybrid,2,0.529997836439101,0,0.966907903674105,1,0.0198755072845485,39.1817416555956,0,0,704.010376824568
120,hybrid,3,0.529987794834851,0,0.966908342221256,1,0.0198752470057704,39.1802171163187,0,0,703.984648398551
120,hybrid,4,0.529942086375913,0,0.966910338440765,1,0.0198740622446965,39.1732780680034,0,0,703.86753529449
120,hybrid,5,0.52976885719901,0,0.966917903754772,1,0.0198695722119915,39.1469876214002,0,0,703.423696534268
120,hybrid,6,0.529224034259796,0,0.966941696375538,1,0.0198554512254125,39.0643804974849,0,0,702.027829460647
120,hybrid,7,0.527808874421146,0.226097548585906,0.975101398249499,1,0.0132898166580954,24.1606636130921,0,0,55.6148759059607
120,hybrid,8,0.524795793307557,0.466516495768404,0.991378100325734,1.01865517045681,0.00566420475327851,49.5658295983461,0,0,0
120,hybrid,9,0.519603088401661,0.683020128377198,0.997215097729972,1.02934082956243,0.00663797878968859,143.894261159661,0,0.895319623635433,-498.930825745747
120,hybrid,10,0.512529042302071,1,0.99761554837642,1.03912429127284,0.0135671665561831,278.279897122142,0,408.610098546769,-948.942163133331
120,hybrid,11,0.505305990015821,1,0.997668189776741,1.03920638104169,0.0137309495698787,279.016685391957,0,414.304710631722,-959.45535215888
120,hybrid,12,0.50064182377663,1,0.99770217689362,1.03925932689293,0.0138366488869703,279.497391028594,0,417.978030738842,-966.249030692949
120,hybrid,13,0.50064182377663,1,0.99770217689362,1.03925932689293,0.0138366488869703,279.497391028594,0,417.978030738842,-966.249030692949
120,hybrid,14,0.505305990015821,1,0.997668189776741,1.03920638104169,0.0137309495698787,279.016685391957,0,414.304710631722,-959.45535215888
120,hybrid,15,0.512529042302071,0.683020128377198,0.997268901273138,1.02950381025366,0.00685203168209148,145.079816314336,0,0.944936920903913,-511.222124204253
120,hybrid,16,0.519603088401661,0.466516495768404,0.991815718780841,1.01904723299562,0.0055667772342565,49.5258497022046,0,0,0
120,hybrid,17,0.524795793307557,0.226097548585906,0.975265419459942,1,0.0131687497737505,23.9249199964296,0,0,53.4503803479197
120,hybrid,18,0.527808874421146,3.13914904970333e-18,0.967003489547713,1,0.0198187767570646,38.8503706905121,0,0,698.402463454381
120,hybrid,19,0.529224034259796,0,0.966941696375538,1,0.0198554512254125,39.0643804974849,0,0,702.027829460647
120,hybrid,20,0.52976885719901,0,0.966917903754772,1,0.0198695722119915,39.1469876214002,0,0,703.423696534268
120,hybrid,21,0.529942086375913,0,0.966910338440765,1,0.0198740622446965,39.1732780680034,0,0,703.86753529449
120,hybrid,22,0.529987794834851,0,0.966908342221256,1,0.0198752470057704,39.1802171163187,0,0,703.984648398551
120,hybrid,23,0.529997836439101,0,0.966907903674105,1,0.0198755072845485,39.1817416555956,0,0,704.010376824568
120,hybrid_pso,0,0.529999959541694,0,0.978655164427312,1,0.0118260249907217,55.7874812611481,0,0,1689.30345855056
120,hybrid_pso,1,0.52999967740537,0,0.978655176195647,1,0.0118260184823884,55.7874197081736,0,0,1689.30253525937
120,hybrid_pso,2,0.529997836439101,0,0.97865525298514,1,0.011825976014902,55.7870180700725,0,0,1689.29651069748
120,hybrid_pso,3,0.529987794834851,0,0.978655671835322,1,0.0118257443749418,55.7848273506388,0,0,1689.26364956949
120,hybrid_pso,4,0.529942086375913,0,0.978657578395343,1,0.0118246899750686,55.7748559805361,0,0,1689.11406917879
120,hybrid_pso,5,0.52976885719901,0,0.978664803901144,1,0.0118206939935871,55.7370744517024,0,0,1688.54718531818
120,hybrid_pso,6,0.529224034259796,0,0.978687527685323,1,0.0118081268372937,55.6183373275388,0,0,1686.76434712249
120,hybrid_pso,7,0.527808874421146,0.226097548585906,0.984732162247585,1,0.00758167419503567,12.0955474424394,0,0,674.98929857058
120,hybrid_pso,8,0.524795793307557,0.466516495768404,0.99215506029376,1.01334332962917,0.00472423899914637,43.0253598028405,0,105.753108517398,68.7321176953151
120,hybrid_pso,9,0.519603088401661,0.683020128377198,0.997034698837671,1.01638322054293,0.00366735205701832,105.981453838277,0,379.6829334738,-471.876847329827
120,hybrid_pso,10,0.512529042302071,1,0.997278596070407,1.01686646254389,0.00509954346579513,216.957743808186,0,1021.14425672978,-1058.66698874245
120,hybrid_pso,11,0.505305990015821,1,0.997324410513839,1.01650839455569,0.005057738958502,218.744780595108,0,1030.66283307844,-1082.14566520349
120,hybrid_pso,12,0.50064182377663,1,0.997354158146066,1.01629904686737,0.00503502083771929,219.910012254775,0,1036.59723164154,-1097.12842613777
120,hybrid_pso,13,0.50064182377663,1,0.997354158146066,1.01629904686737,0.00503502083771929,219.910012254775,0,1036.59723164154,-1097.12842613777
120,hybrid_pso,14,0.505305990015821,1,0.997324410513839,1.01650839455569,0.005057738958502,218.744780595108,0,1030.66283307844,-1082.14566520349
120,hybrid_pso,15,0.512529042302071,0.683020128377198,0.997085915289588,1.01643083881247,0.00364094507251141,106.500209177924,0,384.528468300028,-485.37079608076
120,hybrid_pso,16,0.519603088401661,0.466516495768404,0.992355953653718,1.01340214990981,0.00465363374499861,43.2203674281575,0,108.387073761324,57.0243210781017
120,hybrid_pso,17,0.524795793307557,0.226097548585906,0.984853489404463,1,0.00751491368387608,12.0078561952963,0,0,665.649068506767
120,hybrid_pso,18,0.527808874421146,3.13914904970333e-18,0.978746543837519,1,0.0117754883229356,55.3105560921605,0,0,1682.13396323991
120,hybrid_pso,19,0.529224034259796,0,0.978687527685323,1,0.0118081268372937,55.6183373275388,0,0,1686.76434712249
120,hybrid_pso,20,0.52976885719901,0,0.978664803901144,1,0.0118206939935871,55.7370744517024,0,0,1688.54718531818
120,hybrid_pso,21,0.529942086375913,0,0.978657578395343,1,0.0118246899750686,55.7748559805361,0,0,1689.11406917879
120,hybrid_pso,22,0.529987794834851,0,0.978655671835322,1,0.0118257443749418,55.7848273506388,0,0,1689.26364956949
120,hybrid_pso,23,0.529997836439101,0,0.97865525298514,1,0.011825976014902,55.7870180700725,0,0,1689.29651069748
150,none,0,0.529999959541694,0,0.951085657374924,1,0.0278886723859942,55.0616476711541,0,0,0
150,none,1,0.52999967740537,0,0.951085684563017,1,0.0278886569359285,55.0615867645848,0,0,0
150,none,2,0.529997836439101,0,0.951085861967872,1,0.0278885561228019,55.0611893443371,0,0,0
150,none,3,0.529987794834851,0,0.951086829626831,1,0.0278880062351836,55.0590216312241,0,0,0
150,none,4,0.529942086375913,0,0.951091234300045,1,0.027885503208516,55.0491549820024,0,0,0
150,none,5,0.52976885719901,0,0.951107927126702,1,0.0278760172261601,55.0117703053834,0,0,0
150,none,6,0.529224034259796,0,0.951160424442476,1,0.0278461845891152,54.8942810472785,0,0,0
150,none,7,0.527808874421146,0.226097548585906,0.977038059214621,1,0.0110077119764414,27.0397576846545,0,0,0
150,none,8,0.524795793307557,0.466516495768404,0.997113986975902,1.03262740125262,0.00620871129528827,78.5077267176363,0,0,0
150,none,9,0.519603088401661,0.683020128377198,0.997768321821938,1.06386787645231,0.0197717210209105,185.056385660632,4,0,0
150,none,10,0.512529042302071,1,0.998653747960154,1.10619499044316,0.0384589697810817,427.72480298751,8,0,0
150,none,11,0.505305990015821,1,0.998712035822917,1.10667671836323,0.0387811122386864,429.338608038362,9,0,0
150,none,12,0.50064182377663,1,0.998749665909012,1.10698759108593,0.0389889916424407,430.388454157781,9,0,0
150,none,13,0.50064182377663,1,0.998749665909012,1.10698759108593,0.0389889916424407,430.388454157781,9,0,0
150,none,14,0.505305990015821,1,0.998712035822917,1.10667671836323,0.0387811122386864,429.338608038362,9,0,0
150,none,15,0.512529042302071,0.683020128377198,0.997826010956767,1.06436730254926,0.0201017945272084,185.904267680463,4,0,0
150,none,16,0.519603088401661,0.466516495768404,0.997156701891753,1.03301115076175,0.00635418831760659,78.6815606208713,0,0,0
150,none,17,0.524795793307557,0.226097548585906,0.977303082092122,1,0.0108508545096004,26.7944588890207,0,0,0
150,none,18,0.527808874421146,3.13914904970333e-18,0.951296761268219,1,0.0277687074631845,54.5897391499199,0,0,0
150,none,19,0.529224034259796,0,0.951160424442476,1,0.0278461845891152,54.8942810472785,0,0,0
150,none,20,0.52976885719901,0,0.951107927126702,1,0.0278760172261601,55.0117703053834,0,0,0
150,none,21,0.529942086375913,0,0.951091234300045,1,0.027885503208516,55.0491549820024,0,0,0
150,none,22,0.529987794834851,0,0.951086829626831,1,0.0278880062351836,55.0590216312241,0,0,0
150,none,23,0.529997836439101,0,0.951085861967872,1,0.0278885561228019,55.0611893443371,0,0,0
150,voltvar,0,0.529999959541694,0,0.968029051077539,1,0.0193194323234339,39.2791029999353,0,0,751.265555714734
150,voltvar,1,0.52999967740537,0,0.968029062612161,1,0.0193194255523285,39.2790590334702,0,0,751.264783464996
150,voltvar,2,0.529997836439101,0,0.968029137876648,1,0.0193193813702311,39.2787721489607,0,0,751.259744462836
150,voltvar,3,0.529987794834851,0,0.968029548408672,1,0.0193191403778756,39.2772073547982,0,0,751.232259095858
150,voltvar,4,0.529942086375913,0,0.968031417105813,1,0.0193180434067816,39.2700851060054,0,0,751.107148604768
150,voltvar,5,0.52976885719901,0,0.968038499125265,1,0.019313886086178,39.2431008898267,0,0,750.633001471357
150,voltvar,6,0.529224034259796,0,0.968060771724409,1,0.0193008115057126,39.1583173264999,0,0,749.141818720294
150,voltvar,7,0.527808874421146,0.226097548585906,0.977846495196724,1,0.0107162500933206,26.3729032805683,0,0,16.9807655185779
150,voltvar,8,0.524795793307557,0.466516495768404,0.997011377096941,1.02417380100113,0.00499407818886127,93.406871861963,0,0,-267.945827652279
150,voltvar,9,0.519603088401661,0.683020128377198,0.997407575428014,1.03356708268035,0.0101784383543494,269.986619454987,0,0,-1001.94011978947
150,voltvar,10,0.512529042302071,1,0.998001151247896,1.05784795051699,0.0209723740633961,617.990190903301,3,0,-1716.00072421767
150,voltvar,11,0.505305990015821,1,0.998055102896848,1.05804607130078,0.0211643136066817,620.539405113922,3,0,-1728.34750986328
150,voltvar,12,0.50064182377663,1,0.998089935771043,1.05817397336639,0.0212882046696012,622.190719554958,3,0,-1736.31788238903
150,voltvar,13,0.50064182377663,1,0.998089935771043,1.05817397336639,0.0212882046696012,622.190719554958,3,0,-1736.31788238903
150,voltvar,14,0.505305990015821,1,0.998055102896848,1.05804607130078,0.0211643136066817,620.539405113922,3,0,-1728.34750986328
150,voltvar,15,0.512529042302071,0.683020128377198,0.997460710285486,1.03370048096423,0.0103879630311463,271.798210271128,0,0,-1014.90805058241
150,voltvar,16,0.519603088401661,0.466516495768404,0.997063371450253,1.02428230282595,0.00497012533513938,94.0505386210565,0,0,-276.845997320966
150,voltvar,17,0.524795793307557,0.226097548585906,0.977996083346382,1,0.0106010107875048,26.2235268400629,0,0,14.5575843952752
150,voltvar,18,0.527808874421146,3.13914904970333e-18,0.968118616602674,1,0.0192668549974858,38.9386935117215,0,0,745.268924102494
150,voltvar,19,0.529224034259796,0,0.968060771724409,1,0.0193008115057126,39.1583173264999,0,0,749.141818720294
150,voltvar,20,0.52976885719901,0,0.968038499125265,1,0.019313886086178,39.2431008898267,0,0,750.633001471357
150,voltvar,21,0.529942086375913,0,0.968031417105813,1,0.0193180434067816,39.2700851060054,0,0,751.107148604768
150,voltvar,22,0.529987794834851,0,0.968029548408672,1,0.0193191403778756,39.2772073547982,0,0,751.232259095858
150,voltvar,23,0.529997836439101,0,0.968029137876648,1,0.0193193813702311,39.2787721489607,0,0,751.259744462836
150,voltwatt,0,0.529999959541694,0,0.951085657374924,1,0.0278886723859942,55.0616476711541,0,0,0
150,voltwatt,1,0.52999967740537,0,0.951085684563017,1,0.0278886569359285,55.0615867645848,0,0,0
150,voltwatt,2,0.529997836439101,0,0.951085861967872,1,0.0278885561228019,55.0611893443371,0,0,0
150,voltwatt,3,0.529987794834851,0,0.951086829626831,1,0.0278880062351836,55.0590216312241,0,0,0
150,voltwatt,4,0.529942086375913,0,0.951091234300045,1,0.027885503208516,55.0491549820024,0,0,0
150,voltwatt,5,0.52976885719901,0,0.951107927126702,1,0.0278760172261601,55.0117703053834,0,0,0
150,voltwatt,6,0.529224034259796,0,0.951160424442476,1,0.0278461845891152,54.8942810472785,0,0,0
150,voltwatt,7,0.527808874421146,0.226097548585906,0.977038059214621,1,0.0110077119764414,27.0397576846545,0,0,0
150,voltwatt,8,0.524795793307557,0.466516495768404,0.997102036458416,1.03176210707823,0.00604345291942305,76.4151323349043,0,23.6319120166445,0
150,voltwatt,9,0.519603088401661,0.683020128377198,0.997493834426037,1.04480511652249,0.013478841906932,115.076693275908,0,572.408472921821,0
150,voltwatt,10,0.512529042302071,1,0.997900071718924,1.0556433132622,0.0205376854303897,160.361083521446,3,1674.09526055072,0
150,voltwatt,11,0.505305990015821,1,0.997952157472565,1.05578046290477,0.0206930734452885,159.691767853916,3,1688.00976838654,0
150,voltwatt,12,0.50064182377663,1,0.997985786049469,1.05586899911117,0.0207933749836261,159.265174997725,3,1696.99219625177,0
150,voltwatt,13,0.50064182377663,1,0.997985786049469,1.05586899911117,0.0207933749836261,159.265174997725,3,1696.99219625177,0
150,voltwatt,14,0.505305990015821,1,0.997952157472565,1.05578046290477,0.0206930734452885,159.691767853916,3,1688.00976838654,0
150,voltwatt,15,0.512529042302071,0.683020128377198,0.997546904206825,1.0449957717773,0.0137042726806637,114.638945487099,0,582.193281696801,0
150,voltwatt,16,0.519603088401661,0.466516495768404,0.997142617364963,1.03199280185972,0.00610743978951124,76.208807739716,0,27.8604653333201,0
150,voltwatt,17,0.524795793307557,0.226097548585906,0.977303082092122,1,0.0108508545096004,26.7944588890207,0,0,0
150,voltwatt,18,0.527808874421146,3.13914904970333e-18,0.951296761268219,1,0.0277687074631845,54.5897391499199,0,0,0
150,voltwatt,19,0.529224034259796,0,0.951160424442476,1,0.0278461845891152,54.8942810472785,0,0,0
150,voltwatt,20,0.52976885719901,0,0.951107927126702,1,0.0278760172261601,55.0117703053834,0,0,0
150,voltwatt,21,0.529942086375913,0,0.951091234300045,1,0.027885503208516,55.0491549820024,0,0,0
150,voltwatt,22,0.529987794834851,0,0.951086829626831,1,0.0278880062351836,55.0590216312241,0,0,0
150,voltwatt,23,0.529997836439101,0,0.951085861967872,1,0.0278885561228019,55.0611893443371,0,0,0
150,hybrid,0,0.529999959541694,0,0.968029051077539,1,0.0193194323234339,39.2791029999353,0,0,751.265555714734
150,hybrid,1,0.52999967740537,0,0.968029062612161,1,0.0193194255523285,39.2790590334702,0,0,751.264783464996
150,hybrid,2,0.529997836439101,0,0.968029137876648,1,0.0193193813702311,39.2787721489607,0,0,751.259744462836
150,hybrid,3,0.529987794834851,0,0.968029548408672,1,0.0193191403778756,39.2772073547982,0,0,751.232259095858
150,hybrid,4,0.529942086375913,0,0.968031417105813,1,0.0193180434067816,39.2700851060054,0,0,751.107148604768
150,hybrid,5,0.52976885719901,0,0.968038499125265,1,0.019313886086178,39.2431008898267,0,0,750.633001471357
150,hybrid,6,0.529224034259796,0,0.968060771724409,1,0.0193008115057126,39.1583173264999,0,0,749.141818720294
150,hybrid,7,0.527808874421146,0.226097548585906,0.977846495196724,1,0.0107162500933206,26.3729032805683,0,0,16.9807655185779
150,hybrid,8,0.524795793307557,0.466516495768404,0.997011254499939,1.02417380604689,0.0049940695854969,93.3760529805572,0,0.184783628200211,-267.731066658222
150,hybrid,9,0.519603088401661,0.683020128377198,0.9973931076648,1.03259941029492,0.00989446420533725,251.605220111825,0,80.1663277106972,-943.333499121175
150,hybrid,10,0.512529042302071,1,0.997788069256051,1.04137023457708,0.016130012485054,453.587966336423,0,696.521607350435,-1515.77037522221
150,hybrid,11,0.505305990015821,1,0.997839458126882,1.04143027054282,0.0162465801074338,454.419188315281,0,704.035039394232,-1526.70931005875
150,hybrid,12,0.50064182377663,1,0.997872636860848,1.04146900374974,0.0163217791027362,454.96019387157,0,708.881968889658,-1533.78022438017
150,hybrid,13,0.50064182377663,1,0.997872636860848,1.04146900374974,0.0163217791027362,454.96019387157,0,708.881968889658,-1533.78022438017
150,hybrid,14,0.505305990015821,1,0.997839458126882,1.04143027054282,0.0162465801074338,454.419188315281,0,704.035039394232,-1526.70931005875
150,hybrid,15,0.512529042302071,0.683020128377198,0.997445598601459,1.0326882614874,0.010091138601441,252.599232409884,0,83.6140268227452,-953.926832255753
150,hybrid,16,0.519603088401661,0.466516495768404,0.997063352439754,1.02428232022355,0.00497011608290134,94.0199249804217,0,0.183250398501106,-276.633563362378
150,hybrid,17,0.524795793307557,0.226097548585906,0.977996083346382,1,0.0106010107875048,26.2235268400629,0,0,14.5575843952752
150,hybrid,18,0.527808874421146,3.13914904970333e-18,0.968118616602674,1,0.0192668549974858,38.9386935117215,0,0,745.268924102494
150,hybrid,19,0.529224034259796,0,0.968060771724409,1,0.0193008115057126,39.1583173264999,0,0,749.141818720294
150,hybrid,20,0.52976885719901,0,0.968038499125265,1,0.019313886086178,39.2431008898267,0,0,750.633001471357
150,hybrid,21,0.529942086375913,0,0.968031417105813,1,0.0193180434067816,39.2700851060054,0,0,751.107148604768
150,hybrid,22,0.529987794834851,0,0.968029548408672,1,0.0193191403778756,39.2772073547982,0,0,751.232259095858
150,hybrid,23,0.529997836439101,0,0.968029137876648,1,0.0193193813702311,39.2787721489607,0,0,751.259744462836
150,hybrid_pso,0,0.529999959541694,0,0.9801628898547,1,0.010885251194427,59.7528599080425,0,0,1811.2381134892
150,hybrid_pso,1,0.52999967740537,0,0.980162900815664,1,0.0108852451896082,59.752793891685,0,0,1811.23712199049
150,hybrid_pso,2,0.529997836439101,0,0.980162972336983,1,0.0108852060076013,59.7523631296551,0,0,1811.23065236815
150,hybrid_pso,3,0.529987794834851,0,0.980163362451755,1,0.0108849922883838,59.7500135549976,0,0,1811.19536364787
150,hybrid_pso,4,0.529942086375913,0,0.980165138210905,1,0.0108840194620429,59.7393191352983,0,0,1811.03473314249
150,hybrid_pso,5,0.52976885719901,0,0.98017186799926,1,0.0108803326331545,59.6987980078295,0,0,1810.42597169367
150,hybrid_pso,6,0.529224034259796,0,0.980193032713459,1,0.0108687377862771,59.5714514458501,0,0,1808.5114338638
150,hybrid_pso,7,0.527808874421146,0.226097548585906,0.986829281463219,1.00034352881871,0.00626008677662468,16.9384130000189,0,0,485.873895357298
150,hybrid_pso,8,0.524795793307557,0.466516495768404,0.994244216954893,1.0146976582546,0.00403459989634308,79.2742600858914,0,211.672240951624,-276.062080187998
150,hybrid_pso,9,0.519603088401661,0.683020128377198,0.997098202346147,1.01206857108646,0.00323166011705903,199.52940167737,0,616.580090599297,-1034.84905556678
150,hybrid_pso,10,0.512529042302071,1,0.995931266160897,1.00668758875222,0.00226171565516487,428.848461007676,0,1478.68042416258,-2021.05931735631
150,hybrid_pso,11,0.505305990015821,1,0.996056347527589,1.00671719214607,0.00224492547833204,430.296354487909,0,1486.31473702366,-2036.34123132863
150,hybrid_pso,12,0.50064182377663,1,0.996136991272943,1.0067360338146,0.0022355696669476,431.237641262435,0,1491.23476743031,-2046.22115916206
150,hybrid_pso,13,0.50064182377663,1,0.996136991272943,1.0067360338146,0.0022355696669476,431.237641262435,0,1491.23476743031,-2046.22115916206
150,hybrid_pso,14,0.505305990015821,1,0.996056347527589,1.00671719214607,0.00224492547833204,430.296354487909,0,1486.31473702366,-2036.34123132863
150,hybrid_pso,15,0.512529042302071,0.683020128377198,0.997147569466901,1.01202168240685,0.00325565746129754,200.712450543851,0,622.902884571837,-1049.9421657807
150,hybrid_pso,16,0.519603088401661,0.466516495768404,0.994416171243797,1.01473000807522,0.00397930125177659,79.7045632019025,0,214.721551212256,-288.952041358958
150,hybrid_pso,17,0.524795793307557,0.226097548585906,0.98694089634623,1.0003966618029,0.00619971019470688,16.9689073544433,0,0,476.251699281415
150,hybrid_pso,18,0.527808874421146,3.13914904970333e-18,0.980247999306995,1,0.0108386247703464,59.2413561722215,0,0,1803.53903203503
150,hybrid_pso,19,0.529224034259796,0,0.980193032713459,1,0.0108687377862771,59.5714514458501,0,0,1808.5114338638
150,hybrid_pso,20,0.52976885719901,0,0.98017186799926,1,0.0108803326331545,59.6987980078295,0,0,1810.42597169367
150,hybrid_pso,21,0.529942086375913,0,0.980165138210905,1,0.0108840194620429,59.7393191352983,0,0,1811.03473314249
150,hybrid_pso,22,0.529987794834851,0,0.980163362451755,1,0.0108849922883838,59.7500135549976,0,0,1811.19536364787
150,hybrid_pso,23,0.529997836439101,0,0.980162972336983,1,0.0108852060076013,59.7523631296551,0,0,1811.23065236815
180,none,0,0.529999959541694,0,0.951085657374924,1,0.0278886723859942,55.0616476711541,0,0,0
180,none,1,0.52999967740537,0,0.951085684563017,1,0.0278886569359285,55.0615867645848,0,0,0
180,none,2,0.529997836439101,0,0.951085861967872,1,0.0278885561228019,55.0611893443371,0,0,0
180,none,3,0.529987794834851,0,0.951086829626831,1,0.0278880062351836,55.0590216312241,0,0,0
180,none,4,0.529942086375913,0,0.951091234300045,1,0.027885503208516,55.0491549820024,0,0,0
180,none,5,0.52976885719901,0,0.951107927126702,1,0.0278760172261601,55.0117703053834,0,0,0
180,none,6,0.529224034259796,0,0.951160424442476,1,0.0278461845891152,54.8942810472785,0,0,0
180,none,7,0.527808874421146,0.226097548585906,0.981488390232212,1.00264696394747,0.00820391453000118,30.8354536822692,0,0,0
180,none,8,0.524795793307557,0.466516495768404,0.997382727984219,1.04618443203237,0.0119256302659158,117.800162816328,0,0,0
180,none,9,0.519603088401661,0.683020128377198,0.998134384546591,1.08234880338568,0.0278864767519569,277.395643366667,5,0,0
180,none,10,0.512529042302071,1,0.999140447331629,1.13087690185449,0.0492766841587005,625.56511451787,16,0,0
180,none,11,0.505305990015821,1,0.999198416027134,1.13134404398213,0.0495910761608467,627.566991203081,16,0,0
180,none,12,0.50064182377663,1,0.99923584038748,1.13164551416215,0.0497939605145854,628.866970155578,17,0,0
180,none,13,0.50064182377663,1,0.99923584038748,1.13164551416215,0.0497939605145854,628.866970155578,17,0,0
180,none,14,0.505305990015821,1,0.999198416027134,1.13134404398213,0.0495910761608467,627.566991203081,16,0,0
180,none,15,0.512529042302071,0.683020128377198,0.998191804394938,1.08283568091912,0.0282099900977519,278.572721908337,5,0,0
180,none,16,0.519603088401661,0.466516495768404,0.997425281465407,1.04656052823682,0.0121718612609873,118.17208228386,0,0,0
180,none,17,0.524795793307557,0.226097548585906,0.981747193725772,1.00288036433313,0.00809067574832734,30.660136317181,0,0,0
180,none,18,0.527808874421146,3.13914904970333e-18,0.951296761268219,1,0.0277687074631845,54.5897391499199,0,0,0
180,none,19,0.529224034259796,0,0.951160424442476,1,0.0278461845891152,54.8942810472785,0,0,0
180,none,20,0.52976885719901,0,0.951107927126702,1,0.0278760172261601,55.0117703053834,0,0,0
180,none,21,0.529942086375913,0,0.951091234300045,1,0.027885503208516,55.0491549820024,0,0,0
180,none,22,0.529987794834851,0,0.951086829626831,1,0.0278880062351836,55.0590216312241,0,0,0
180,none,23,0.529997836439101,0,0.951085861967872,1,0.0278885561228019,55.0611893443371,0,0,0
180,voltvar,0,0.529999959541694,0,0.968837183094872,1,0.0188977673211802,39.4460127311235,0,0,786.907495027634
180,voltvar,1,0.52999967740537,0,0.968837194138256,1,0.0188977609603034,39.445967732101,0,0,786.906685286572
180,voltvar,2,0.529997836439101,0,0.968837266197371,1,0.0188977194549847,39.4456741101038,0,0,786.90140165001
180,voltvar,3,0.529987794834851,0,0.968837659245587,1,0.0188974930631953,39.4440725675361,0,0,786.872581919413
180,voltvar,4,0.529942086375913,0,0.968839448357894,1,0.0188964625525036,39.4367830736883,0,0,786.741397567983
180,voltvar,5,0.52976885719901,0,0.968846228758796,1,0.0188925571077978,39.4091654712885,0,0,786.244231882669
180,voltvar,6,0.529224034259796,0,0.968867552714291,1,0.0188802746971233,39.3223944968916,0,0,784.680659661741
180,voltvar,7,0.527808874421146,0.226097548585906,0.981488390232212,1.00264696394747,0.00820391453000118,30.8354536822692,0,0,0
180,voltvar,8,0.524795793307557,0.466516495768404,0.997167260225305,1.02695884922728,0.00606219242676165,161.062086249097,0,0,-618.24118458488
180,voltvar,9,0.519603088401661,0.683020128377198,0.997551151257352,1.03633499357238,0.0124229519350146,441.12777011142,0,0,-1549.36508656255
180,voltvar,10,0.512529042302071,1,0.998206382620037,1.06598988639157,0.0246792826087023,942.730618156735,4,0,-2337.09073690659
180,voltvar,11,0.505305990015821,1,0.998262120851805,1.06636734538984,0.0249137014645776,944.684039659063,4,0,-2344.95539526652
180,voltvar,12,0.50064182377663,1,0.998298107003161,1.0666109856818,0.0250650080464535,945.950889760559,4,0,-2350.03189636377
180,voltvar,13,0.50064182377663,1,0.998298107003161,1.0666109856818,0.0250650080464535,945.950889760559,4,0,-2350.03189636377
180,voltvar,14,0.505305990015821,1,0.998262120851805,1.06636734538984,0.0249137014645776,944.684039659063,4,0,-2344.95539526652
180,voltvar,15,0.512529042302071,0.683020128377198,0.997602642708356,1.03643858863934,0.012564022934189,443.760930870611,0,0,-1565.73465247093
180,voltvar,16,0.519603088401661,0.466516495768404,0.997206149656565,1.02703383888634,0.00620405266264171,162.133598111516,0,0,-628.865506151297
180,voltvar,17,0.524795793307557,0.226097548585906,0.981747193725772,1.00288036433313,0.00809067574832734,30.660136317181,0,0,0
180,voltvar,18,0.527808874421146,3.13914904970333e-18,0.968922933355786,1,0.0188483757894646,39.0976414089858,0,0,780.619779398969
180,voltvar,19,0.529224034259796,0,0.968867552714291,1,0.0188802746971233,39.3223944968916,0,0,784.680659661741
180,voltvar,20,0.52976885719901,0,0.968846228758796,1,0.0188925571077978,39.4091654712885,0,0,786.244231882669
180,voltvar,21,0.529942086375913,0,0.968839448357894,1,0.0188964625525036,39.4367830736883,0,0,786.741397567983
180,voltvar,22,0.529987794834851,0,0.968837659245587,1,0.0188974930631953,39.4440725675361,0,0,786.872581919413
180,voltvar,23,0.529997836439101,0,0.968837266197371,1,0.0188977194549847,39.4456741101038,0,0,786.90140165001
180,voltwatt,0,0.529999959541694,0,0.951085657374924,1,0.0278886723859942,55.0616476711541,0,0,0
180,voltwatt,1,0.52999967740537,0,0.951085684563017,1,0.0278886569359285,55.0615867645848,0,0,0
180,voltwatt,2,0.529997836439101,0,0.951085861967872,1,0.0278885561228019,55.0611893443371,0,0,0
180,voltwatt,3,0.529987794834851,0,0.951086829626831,1,0.0278880062351836,55.0590216312241,0,0,0
180,voltwatt,4,0.529942086375913,0,0.951091234300045,1,0.027885503208516,55.0491549820024,0,0,0
180,voltwatt,5,0.52976885719901,0,0.951107927126702,1,0.0278760172261601,55.0117703053834,0,0,0
180,voltwatt,6,0.529224034259796,0,0.951160424442476,1,0.0278461845891152,54.8942810472785,0,0,0
180,voltwatt,7,0.527808874421146,0.226097548585906,0.981488390232212,1.00264696394747,0.00820391453000118,30.8354536822692,0,0,0
180,voltwatt,8,0.524795793307557,0.466516495768404,0.997271843123926,1.03833507585491,0.00938075450363865,94.297482469211,0,224.787536025174,0
180,voltwatt,9,0.519603088401661,0.683020128377198,0.997670382614009,1.05022263689871,0.0172444811392514,137.35800504318,1,997.187934149162,0
180,voltwatt,10,0.512529042302071,1,0.998069980266283,1.06005003254088,0.0232644862932179,183.193762355373,3,2463.1587841673,0
180,voltwatt,11,0.505305990015821,1,0.998121655642249,1.06016813609338,0.0234087250142162,182.459723495083,3,2477.86359247665,0
180,voltwatt,12,0.50064182377663,1,0.998155019298182,1.06024437778925,0.0235018296215256,181.991388332953,3,2487.35616750971,0
180,voltwatt,13,0.50064182377663,1,0.998155019298182,1.06024437778925,0.0235018296215256,181.991388332953,3,2487.35616750971,0
180,voltwatt,14,0.505305990015821,1,0.998121655642249,1.06016813609338,0.0234087250142162,182.459723495083,3,2477.86359247665,0
180,voltwatt,15,0.512529042302071,0.683020128377198,0.99772304287147,1.05039055183602,0.0174599125365733,136.922863422417,1,1007.66813171268,0
180,voltwatt,16,0.519603088401661,0.466516495768404,0.997311624507051,1.03851618400854,0.00956352471025677,94.0303901131691,0,230.479553968194,0
180,voltwatt,17,0.524795793307557,0.226097548585906,0.981747193725772,1.00288036433313,0.00809067574832734,30.660136317181,0,0,0
180,voltwatt,18,0.527808874421146,3.13914904970333e-18,0.951296761268219,1,0.0277687074631845,54.5897391499199,0,0,0
180,voltwatt,19,0.529224034259796,0,0.951160424442476,1,0.0278461845891152,54.8942810472785,0,0,0
180,voltwatt,20,0.52976885719901,0,0.951107927126702,1,0.0278760172261601,55.0117703053834,0,0,0
180,voltwatt,21,0.529942086375913,0,0.951091234300045,1,0.027885503208516,55.0491549820024,0,0,0
180,voltwatt,22,0.529987794834851,0,0.951086829626831,1,0.0278880062351836,55.0590216312241,0,0,0
180,voltwatt,23,0.529997836439101,0,0.951085861967872,1,0.0278885561228019,55.0611893443371,0,0,0
180,hybrid,0,0.529999959541694,0,0.968837183094872,1,0.0188977673211802,39.4460127311235,0,0,786.907495027634
180,hybrid,1,0.52999967740537,0,0.968837194138256,1,0.0188977609603034,39.445967732101,0,0,786.906685286572
180,hybrid,2,0.529997836439101,0,0.968837266197371,1,0.0188977194549847,39.4456741101038,0,0,786.90140165001
180,hybrid,3,0.529987794834851,0,0.968837659245587,1,0.0188974930631953,39.4440725675361,0,0,786.872581919413
180,hybrid,4,0.529942086375913,0,0.968839448357894,1,0.0188964625525036,39.4367830736883,0,0,786.741397567983
180,hybrid,5,0.52976885719901,0,0.968846228758796,1,0.0188925571077978,39.4091654712885,0,0,786.244231882669
180,hybrid,6,0.529224034259796,0,0.968867552714291,1,0.0188802746971233,39.3223944968916,0,0,784.680659661741
180,hybrid,7,0.527808874421146,0.226097548585906,0.981488390232212,1.00264696394747,0.00820391453000118,30.8354536822692,0,0,0
180,hybrid,8,0.524795793307557,0.466516495768404,0.997167215084477,1.02695882984595,0.00606223761150443,160.897516791097,0,0.752542833767304,-617.359674499396
180,hybrid,9,0.519603088401661,0.683020128377198,0.997526857040735,1.03441994242715,0.0119526072058531,388.019739497463,0,184.651706345146,-1412.44821290469
180,hybrid,10,0.512529042302071,1,0.997912883369247,1.04270726942287,0.0174585089939781,669.611485182945,0,1011.53199209102,-2083.23882884133
180,hybrid,11,0.505305990015821,1,0.997963885072606,1.04275527408062,0.0175650319164788,670.698063883203,0,1019.10453760866,-2094.68678375
180,hybrid,12,0.50064182377663,1,0.997996814334222,1.04278624965741,0.0176337678928371,671.402968190004,0,1023.99232402176,-2102.08197237038
180,hybrid,13,0.50064182377663,1,0.997996814334222,1.04278624965741,0.0176337678928371,671.402968190004,0,1023.99232402176,-2102.08197237038
180,hybrid,14,0.505305990015821,1,0.997963885072606,1.04275527408062,0.0175650319164788,670.698063883203,0,1019.10453760866,-2094.68678375
180,hybrid,15,0.512529042302071,0.683020128377198,0.997577936114277,1.03448754642481,0.0120849738244325,389.575005030846,0,188.068302554781,-1426.41110927874
180,hybrid,16,0.519603088401661,0.466516495768404,0.997206103207865,1.02703382577423,0.00620409680512598,161.96377854931,0,0.774521548557033,-627.959389726056
180,hybrid,17,0.524795793307557,0.226097548585906,0.981747193725772,1.00288036433313,0.00809067574832734,30.660136317181,0,0,0
180,hybrid,18,0.527808874421146,3.13914904970333e-18,0.968922933355786,1,0.0188483757894646,39.0976414089858,0,0,780.619779398969
180,hybrid,19,0.529224034259796,0,0.968867552714291,1,0.0188802746971233,39.3223944968916,0,0,784.680659661741
180,hybrid,20,0.52976885719901,0,0.968846228758796,1,0.0188925571077978,39.4091654712885,0,0,786.244231882669
180,hybrid,21,0.529942086375913,0,0.968839448357894,1,0.0188964625525036,39.4367830736883,0,0,786.741397567983
180,hybrid,22,0.529987794834851,0,0.968837659245587,1,0.0188974930631953,39.4440725675361,0,0,786.872581919413
180,hybrid,23,0.529997836439101,0,0.968837266197371,1,0.0188977194549847,39.4456741101038,0,0,786.90140165001
180,hybrid_pso,0,0.529999959541694,0,0.981302563919546,1,0.0101772338487309,63.0055225642554,0,0,1907.70700817956
180,hybrid_pso,1,0.52999967740537,0,0.981302574269816,1,0.0101772282232942,63.0054528809823,0,0,1907.70596255263
180,hybrid_pso,2,0.529997836439101,0,0.981302641806303,1,0.010177191516792,63.0049981920345,0,0,1907.6991397386
180,hybrid_pso,3,0.529987794834851,0,0.981303010185696,1,0.0101769913002845,63.0025181090352,0,0,1907.66192452634
180,hybrid_pso,4,0.529942086375913,0,0.98130468700746,1,0.0101760799370002,62.9912296643124,0,0,1907.49252485885
180,hybrid_pso,5,0.52976885719901,0,0.981311041836732,1,0.0101726260446232,62.9484578083389,0,0,1906.85053019197
180,hybrid_pso,6,0.529224034259796,0,0.981331027276506,1,0.0101617638003597,62.8140381530838,0,0,1904.83147861727
180,hybrid_pso,7,0.527808874421146,0.226097548585906,0.988803221301259,1.00450139182204,0.0053019248600518,24.7252608586407,0,0,336.025902005853
180,hybrid_pso,8,0.524795793307557,0.466516495768404,0.995809799528681,1.0120689995013,0.00319279918444772,136.57366505343,0,339.096134922337,-710.997764228052
180,hybrid_pso,9,0.519603088401661,0.683020128377198,0.99617685780092,1.00674960942547,0.00232278031721862,331.901270520964,0,883.454325926982,-1659.23463001111
180,hybrid_pso,10,0.512529042302071,1,0.992829777426933,1.00774226467918,0.00332056943114008,652.238348283469,0,1975.00784133745,-2725.03426991095
180,hybrid_pso,11,0.505305990015821,1,0.997230986222141,1.00912338751057,0.00301270768536991,628.499827732296,0,1854.61967410901,-2552.51656905025
180,hybrid_pso,12,0.50064182377663,1,0.997219470962245,1.00902354675008,0.00297160942574975,631.29749905516,0,1860.60443454819,-2568.77662244872
180,hybrid_pso,13,0.50064182377663,1,0.997219470962245,1.00902354675008,0.00297160942574975,631.29749905516,0,1860.60443454819,-2568.77662244872
180,hybrid_pso,14,0.505305990015821,1,0.997230986222141,1.00912338751057,0.00301270768536991,628.499827732296,0,1854.61967410901,-2552.51656905025
180,hybrid_pso,15,0.512529042302071,0.683020128377198,0.996295880116911,1.00678085544521,0.00230608178501583,333.476702614739,0,890.040374477776,-1675.76764792369
180,hybrid_pso,16,0.519603088401661,0.466516495768404,0.996042006931551,1.01202933879019,0.00313500440741262,137.518307894578,0,341.358256321856,-724.910275789959
180,hybrid_pso,17,0.524795793307557,0.226097548585906,0.988945553509033,1.00470532537674,0.00524677858490652,24.6501327920846,0,0,331.072513564336
180,hybrid_pso,18,0.527808874421146,3.13914904970333e-18,0.981382865969807,1,0.0101336607127985,62.4654219625141,0,0,1899.53816879103
180,hybrid_pso,19,0.529224034259796,0,0.981331027276506,1,0.0101617638003597,62.8140381530838,0,0,1904.83147861727
180,hybrid_pso,20,0.52976885719901,0,0.981311041836732,1,0.0101726260446232,62.9484578083389,0,0,1906.85053019197
180,hybrid_pso,21,0.529942086375913,0,0.98130468700746,1,0.0101760799370002,62.9912296643124,0,0,1907.49252485885
180,hybrid_pso,22,0.529987794834851,0,0.981303010185696,1,0.0101769913002845,63.0025181090352,0,0,1907.66192452634
180,hybrid_pso,23,0.529997836439101,0,0.981302641806303,1,0.010177191516792,63.0049981920345,0,0,1907.6991397386
200,none,0,0.529999959541694,0,0.951085657374924,1,0.0278886723859942,55.0616476711541,0,0,0
200,none,1,0.52999967740537,0,0.951085684563017,1,0.0278886569359285,55.0615867645848,0,0,0
200,none,2,0.529997836439101,0,0.951085861967872,1,0.0278885561228019,55.0611893443371,0,0,0
200,none,3,0.529987794834851,0,0.951086829626831,1,0.0278880062351836,55.0590216312241,0,0,0
200,none,4,0.529942086375913,0,0.951091234300045,1,0.027885503208516,55.0491549820024,0,0,0
200,none,5,0.52976885719901,0,0.951107927126702,1,0.0278760172261601,55.0117703053834,0,0,0
200,none,6,0.529224034259796,0,0.951160424442476,1,0.0278461845891152,54.8942810472785,0,0,0
200,none,7,0.527808874421146,0.226097548585906,0.984373974478548,1.00737469603367,0.00712579918440788,34.9425687441017,0,0,0
200,none,8,0.524795793307557,0.466516495768404,0.997557619063813,1.05500710977185,0.015798328306892,149.419980873899,3,0,0
200,none,9,0.519603088401661,0.683020128377198,0.998370647268229,1.09428883411584,0.0331269752438316,348.849123825212,6,0,0
200,none,10,0.512529042302071,1,0.999451245845779,1.14669109238788,0.0562077362485486,774.867708387671,21,0,0
200,none,11,0.505305990015821,1,0.999509022336353,1.14714951459594,0.0565203798057526,777.102678902012,21,0,0
200,none,12,0.50064182377663,1,0.999546322796325,1.14744536307437,0.056722140248156,778.552912268564,21,0,0
200,none,13,0.50064182377663,1,0.999546322796325,1.14744536307437,0.056722140248156,778.552912268564,21,0,0
200,none,14,0.505305990015821,1,0.999509022336353,1.14714951459594,0.0565203798057526,777.102678902012,21,0,0
200,none,15,0.512529042302071,0.683020128377198,0.998427901190474,1.09476803520221,0.0334464516529834,350.228683972719,6,0,0
200,none,16,0.519603088401661,0.466516495768404,0.997600071196032,1.05537843031364,0.0160431177188896,149.916107527731,3,0,0
200,none,17,0.524795793307557,0.226097548585906,0.984631338897211,1.00760632659912,0.00703901534552069,34.8123263130757,0,0,0
200,none,18,0.527808874421146,3.13914904970333e-18,0.951296761268219,1,0.0277687074631845,54.5897391499199,0,0,0
200,none,19,0.529224034259796,0,0.951160424442476,1,0.0278461845891152,54.8942810472785,0,0,0
200,none,20,0.52976885719901,0,0.951107927126702,1,0.0278760172261601,55.0117703053834,0,0,0
200,none,21,0.529942086375913,0,0.951091234300045,1,0.027885503208516,55.0491549820024,0,0,0
200,none,22,0.529987794834851,0,0.951086829626831,1,0.0278880062351836,55.0590216312241,0,0,0
200,none,23,0.529997836439101,0,0.951085861967872,1,0.0278885561228019,55.0611893443371,0,0,0
200,voltvar,0,0.529999959541694,0,0.969277574126728,1,0.0186685425286766,39.5696463595597,0,0,806.227661302077
200,voltvar,1,0.52999967740537,0,0.969277584763804,1,0.0186685363907231,39.5696007381656,0,0,806.226831120585
200,voltvar,2,0.529997836439101,0,0.969277654171724,1,0.0186684963400012,39.5693030551608,0,0,806.221414108316
200,voltvar,3,0.529987794834851,0,0.969278032758921,1,0.018668277882351,39.5676793625299,0,0,806.191866877156
200,voltvar,4,0.529942086375913,0,0.969279756046062,1,0.0186672834871123,39.5602890611586,0,0,806.057371033641
200,voltvar,5,0.52976885719901,0,0.969286286978965,1,0.0186635149150412,39.5322896720677,0,0,805.547655570795
200,voltvar,6,0.529224034259796,0,0.969306826342271,1,0.0186516629794491,39.4443206308498,0,0,803.944616677556
200,voltvar,7,0.527808874421146,0.226097548585906,0.984373974478548,1.00737469603367,0.00712579918440788,34.9425687441017,0,0,0
200,voltvar,8,0.524795793307557,0.466516495768404,0.997247575247264,1.02821919127604,0.00746107250619932,219.075242020072,0,0,-869.81414177674
200,voltvar,9,0.519603088401661,0.683020128377198,0.997624661430582,1.03764876700352,0.0133929051793074,579.708783708587,0,0,-1924.55543749618
200,voltvar,10,0.512529042302071,1,0.998336039597399,1.07234828286,0.0271520220596283,1183.97049628868,4,0,-2709.88284565823
200,voltvar,11,0.505305990015821,1,0.998391567847839,1.07272490342149,0.027380412122837,1186.12427516977,4,0,-2717.92318517486
200,voltvar,12,0.50064182377663,1,0.998428489471951,1.07302529672666,0.0275501908213364,1186.98470311433,5,0,-2720.87919975883
200,voltvar,13,0.50064182377663,1,0.998428489471951,1.07302529672666,0.0275501908213364,1186.98470311433,5,0,-2720.87919975883
200,voltvar,14,0.505305990015821,1,0.998391567847839,1.07272490342149,0.027380412122837,1186.12427516977,4,0,-2717.92318517486
200,voltvar,15,0.512529042302071,0.683020128377198,0.997675760612485,1.03774120156466,0.0135261328051966,582.769501876451,0,0,-1941.11252130006
200,voltvar,16,0.519603088401661,0.466516495768404,0.997286241340668,1.02828622264859,0.00760519720464532,220.378640732349,0,0,-880.571355350671
200,voltvar,17,0.524795793307557,0.226097548585906,0.984631338897211,1.00760632659912,0.00703901534552069,34.8123263130757,0,0,0
200,voltvar,18,0.527808874421146,3.13914904970333e-18,0.969360169097806,1,0.0186208821960253,39.2164746672174,0,0,799.781248691898
200,voltvar,19,0.529224034259796,0,0.969306826342271,1,0.0186516629794491,39.4443206308498,0,0,803.944616677556
200,voltvar,20,0.52976885719901,0,0.969286286978965,1,0.0186635149150412,39.5322896720677,0,0,805.547655570795
200,voltvar,21,0.529942086375913,0,0.969279756046062,1,0.0186672834871123,39.5602890611586,0,0,806.057371033641
200,voltvar,22,0.529987794834851,0,0.969278032758921,1,0.018668277882351,39.5676793625299,0,0,806.191866877156
200,voltvar,23,0.529997836439101,0,0.969277654171724,1,0.0186684963400012,39.5693030551608,0,0,806.221414108316
200,voltwatt,0,0.529999959541694,0,0.951085657374924,1,0.0278886723859942,55.0616476711541,0,0,0
200,voltwatt,1,0.52999967740537,0,0.951085684563017,1,0.0278886569359285,55.0615867645848,0,0,0
200,voltwatt,2,0.529997836439101,0,0.951085861967872,1,0.0278885561228019,55.0611893443371,0,0,0
200,voltwatt,3,0.529987794834851,0,0.951086829626831,1,0.0278880062351836,55.0590216312241,0,0,0
200,voltwatt,4,0.529942086375913,0,0.951091234300045,1,0.027885503208516,55.0491549820024,0,0,0
200,voltwatt,5,0.52976885719901,0,0.951107927126702,1,0.0278760172261601,55.0117703053834,0,0,0
200,voltwatt,6,0.529224034259796,0,0.951160424442476,1,0.0278461845891152,54.8942810472785,0,0,0
200,voltwatt,7,0.527808874421146,0.226097548585906,0.984373974478548,1.00737469603367,0.00712579918440788,34.9425687441017,0,0,0
200,voltwatt,8,0.524795793307557,0.466516495768404,0.997368307677176,1.04176645261085,0.0114563768266196,105.187429291439,0,389.319830277321,0
200,voltwatt,9,0.519603088401661,0.683020128377198,0.997764625663381,1.05308326900327,0.0189454826509528,149.780873503747,3,1324.4119321163,0
200,voltwatt,10,0.512529042302071,1,0.998172248801677,1.06240748297787,0.0247964016086516,197.020306505474,4,3010.22076743595,0
200,voltwatt,11,0.505305990015821,1,0.998223698018754,1.06251538658349,0.0249345135971689,196.249986909447,4,3025.36118710315,0
200,voltwatt,12,0.50064182377663,1,0.998256915678674,1.06258504469927,0.0250236633068172,195.758263261939,4,3035.13493601109,0
200,voltwatt,13,0.50064182377663,1,0.998256915678674,1.06258504469927,0.0250236633068172,195.758263261939,4,3035.13493601109,0
200,voltwatt,14,0.505305990015821,1,0.998223698018754,1.06251538658349,0.0249345135971689,196.249986909447,4,3025.36118710315,0
200,voltwatt,15,0.512529042302071,0.683020128377198,0.99781586112974,1.05322786045237,0.0191035869350045,149.147498158282,3,1337.63138016838,0
200,voltwatt,16,0.519603088401661,0.466516495768404,0.997407423897403,1.04191537773742,0.0116247595273557,104.857081872753,0,396.244720408511,0
200,voltwatt,17,0.524795793307557,0.226097548585906,0.984631338897211,1.00760632659912,0.00703901534552069,34.8123263130757,0,0,0
200,voltwatt,18,0.527808874421146,3.13914904970333e-18,0.951296761268219,1,0.0277687074631845,54.5897391499199,0,0,0
200,voltwatt,19,0.529224034259796,0,0.951160424442476,1,0.0278461845891152,54.8942810472785,0,0,0
200,voltwatt,20,0.52976885719901,0,0.951107927126702,1,0.0278760172261601,55.0117703053834,0,0,0
200,voltwatt,21,0.529942086375913,0,0.951091234300045,1,0.027885503208516,55.0491549820024,0,0,0
200,voltwatt,22,0.529987794834851,0,0.951086829626831,1,0.0278880062351836,55.0590216312241,0,0,0
200,voltwatt,23,0.529997836439101,0,0.951085861967872,1,0.0278885561228019,55.0611893443371,0,0,0
200,hybrid,0,0.529999959541694,0,0.969277574126728,1,0.0186685425286766,39.5696463595597,0,0,806.227661302077
200,hybrid,1,0.52999967740537,0,0.969277584763804,1,0.0186685363907231,39.5696007381656,0,0,806.226831120585
200,hybrid,2,0.529997836439101,0,0.969277654171724,1,0.0186684963400012,39.5693030551608,0,0,806.221414108316
200,hybrid,3,0.529987794834851,0,0.969278032758921,1,0.018668277882351,39.5676793625299,0,0,806.191866877156
200,hybrid,4,0.529942086375913,0,0.969279756046062,1,0.0186672834871123,39.5602890611586,0,0,806.057371033641
200,hybrid,5,0.52976885719901,0,0.969286286978965,1,0.0186635149150412,39.5322896720677,0,0,805.547655570795
200,hybrid,6,0.529224034259796,0,0.969306826342271,1,0.0186516629794491,39.4443206308498,0,0,803.944616677556
200,hybrid,7,0.527808874421146,0.226097548585906,0.984373974478548,1.00737469603367,0.00712579918440788,34.9425687441017,0,0,0
200,hybrid,8,0.524795793307557,0.466516495768404,0.997247540854374,1.02821907095868,0.007461415993823,218.850460869303,0,0.889284944541931,-868.788617034971
200,hybrid,9,0.519603088401661,0.683020128377198,0.997598340036066,1.03526360369772,0.0128479019759639,497.800697615581,0,251.700116561957,-1740.28694350662
200,hybrid,10,0.512529042302071,1,0.997980479281989,1.04333902114201,0.018101803283805,838.219854301464,0,1216.25392516943,-2459.45588575017
200,hybrid,11,0.505305990015821,1,0.998031267775959,1.04338765492249,0.0182032179224771,839.480719247304,0,1223.82782688605,-2471.15580351263
200,hybrid,12,0.50064182377663,1,0.998064059298021,1.04341903556316,0.0182686596052488,840.299127367834,0,1228.71436300089,-2478.71556212441
200,hybrid,13,0.50064182377663,1,0.998064059298021,1.04341903556316,0.0182686596052488,840.299127367834,0,1228.71436300089,-2478.71556212441
200,hybrid,14,0.505305990015821,1,0.998031267775959,1.04338765492249,0.0182032179224771,839.480719247304,0,1223.82782688605,-2471.15580351263
200,hybrid,15,0.512529042302071,0.683020128377198,0.997649140447107,1.03532323828337,0.0129739151301621,499.630853837867,0,255.088401722123,-1754.51393203796
200,hybrid,16,0.519603088401661,0.466516495768404,0.99728620828936,1.02828610820325,0.00760567144968021,220.149158718185,0,0.904720448822831,-879.52355307353
200,hybrid,17,0.524795793307557,0.226097548585906,0.984631338897211,1.00760632659912,0.00703901534552069,34.8123263130757,0,0,0
200,hybrid,18,0.527808874421146,3.13914904970333e-18,0.969360169097806,1,0.0186208821960253,39.2164746672174,0,0,799.781248691898
200,hybrid,19,0.529224034259796,0,0.969306826342271,1,0.0186516629794491,39.4443206308498,0,0,803.944616677556
200,hybrid,20,0.52976885719901,0,0.969286286978965,1,0.0186635149150412,39.5322896720677,0,0,805.547655570795
200,hybrid,21,0.529942086375913,0,0.969279756046062,1,0.0186672834871123,39.5602890611586,0,0,806.057371033641
200,hybrid,22,0.529987794834851,0,0.969278032758921,1,0.018668277882351,39.5676793625299,0,0,806.191866877156
200,hybrid,23,0.529997836439101,0,0.969277654171724,1,0.0186684963400012,39.5693030551608,0,0,806.221414108316
200,hybrid_pso,0,0.529999959541694,0,0.981920810592918,1,0.00979369702560482,64.8679998381486,0,0,1962.01071950477
200,hybrid_pso,1,0.52999967740537,0,0.981920820611615,1,0.00979369160589516,64.8679280531537,0,0,1962.00964335915
200,hybrid_pso,2,0.529997836439101,0,0.98192088598455,1,0.00979365624178145,64.8674596503124,0,0,1962.00262140794
200,hybrid_pso,3,0.529987794834851,0,0.981921242562787,1,0.00979346334737041,64.8649047654711,0,0,1961.9643199975
200,hybrid_pso,4,0.529942086375913,0,0.981922865666813,1,0.00979258531357156,64.8532758508831,0,0,1961.7899760863
200,hybrid_pso,5,0.52976885719901,0,0.981929016913329,1,0.00978925773528848,64.8092139740007,0,0,1961.12924382481
200,hybrid_pso,6,0.529224034259796,0,0.981948362070875,1,0.00977879275760448,64.6707403346871,0,0,1959.05126532675
200,hybrid_pso,7,0.527808874421146,0.226097548585906,0.990438561544625,1.00893381322096,0.00487082196302406,29.3320777123042,0,0,293.921843282258
200,hybrid_pso,8,0.524795793307557,0.466516495768404,0.996741805541883,1.01030557046588,0.00280943377558524,193.309226896748,0,386.045631994535,-1022.72577165833
200,hybrid_pso,9,0.519603088401661,0.683020128377198,0.997271317198607,1.01409611098506,0.00453589639792405,397.925933707978,0,941.393744761482,-1767.92572810056
200,hybrid_pso,10,0.512529042302071,1,0.992427049792407,1.00899491401255,0.00368272146793374,820.067283254205,0,2255.21175007829,-3110.03103469821
200,hybrid_pso,11,0.505305990015821,1,0.992532788232278,1.00907332057299,0.00365463550912101,819.884554201769,0,2269.80157075615,-3123.35847942079
200,hybrid_pso,12,0.50064182377663,1,0.992601037185123,1.00912378430455,0.00363647910509049,819.76797772918,0,2279.21938945279,-3131.97803481739
200,hybrid_pso,13,0.50064182377663,1,0.992601037185123,1.00912378430455,0.00363647910509049,819.76797772918,0,2279.21938945279,-3131.97803481739
200,hybrid_pso,14,0.505305990015821,1,0.992532788232278,1.00907332057299,0.00365463550912101,819.884554201769,0,2269.80157075615,-3123.35847942079
200,hybrid_pso,15,0.512529042302071,0.683020128377198,0.997317485545744,1.01390633084616,0.00453488021187612,396.05330756441,0,961.498733374463,-1775.057444282
200,hybrid_pso,16,0.519603088401661,0.466516495768404,0.996940190672108,1.01025688452088,0.00279227846525275,194.60541146079,0,387.938118892636,-1035.60191098221
200,hybrid_pso,17,0.524795793307557,0.226097548585906,0.990576942997431,1.00913536415366,0.00483662077479349,29.3106357078914,0,0,288.820146034522
200,hybrid_pso,18,0.527808874421146,3.13914904970333e-18,0.981998602530299,1,0.00975161447210558,64.3118061272105,0,0,1953.65442162743
200,hybrid_pso,19,0.529224034259796,0,0.981948362070875,1,0.00977879275760448,64.6707403346871,0,0,1959.05126532675
200,hybrid_pso,20,0.52976885719901,0,0.981929016913329,1,0.00978925773528848,64.8092139740007,0,0,1961.12924382481
200,hybrid_pso,21,0.529942086375913,0,0.981922865666813,1,0.00979258531357156,64.8532758508831,0,0,1961.7899760863
200,hybrid_pso,22,0.529987794834851,0,0.981921242562787,1,0.00979346334737041,64.8649047654711,0,0,1961.9643199975
200,hybrid_pso,23,0.529997836439101,0,0.98192088598455,1,0.00979365624178145,64.8674596503124,0,0,1962.00262140794
