ScenarioGroup,PVPenetrationPercent,IrradianceCondition,ControlStrategy,TimeIndex,Time_h,Bus,LocalVoltage_pu,Pavailable_kW,Poutput_kW,Pcurtailed_kW,Qoutput_kVAr,Qlimit_kVAr,VoltVARActive,VoltWattActive,BothActive
normal,80,clear_sky,hybrid_pso,12,11,18,1.01091917076575,472.68481970955,458.256477891127,14.4283418184231,0,294.755296670413,0,1,0
normal,80,clear_sky,hybrid_pso,13,12,18,1.0124532305328,495.333333333333,455.115998729186,40.2173346041476,-0.250377254752976,299.581561757696,0,1,0
normal,80,clear_sky,hybrid_pso,14,13,18,1.01087112307109,472.68481970955,459.013930400901,13.6708893086496,0,293.574345170625,0,1,0
stress,80,stress_clear_sky,voltwatt,11,10,31,1.03465833413312,495.333333333333,453.61136874699,41.721964586343,0,301.854949583283,0,1,0
stress,80,stress_clear_sky,voltwatt,11,10,32,1.03611653958619,544.866666666667,484.993681858899,59.8729848077673,0,352.144212979181,0,1,0
stress,80,stress_clear_sky,voltwatt,11,10,33,1.03705219324841,594.4,519.297366249303,75.1026337506973,0,397.287038558443,0,1,0
stress,80,stress_clear_sky,voltwatt,12,11,31,1.03492529750889,495.333333333333,451.251395914247,44.0819374190867,0,305.371678663704,0,1,0
stress,80,stress_clear_sky,voltwatt,12,11,32,1.03637910441412,544.866666666667,482.436092253616,62.4305744130502,0,355.640035807047,0,1,0
stress,80,stress_clear_sky,voltwatt,12,11,33,1.03731070744783,594.4,516.547251966235,77.8527480337649,0,400.856186288962,0,1,0
stress,80,stress_clear_sky,voltwatt,13,12,31,1.03509758548948,495.333333333333,449.732889386048,45.6004439472855,0,307.603661631199,0,1,0
stress,80,stress_clear_sky,voltwatt,13,12,32,1.03654857403889,544.866666666667,480.790052696494,64.076613970173,0,357.862184934202,0,1,0
stress,80,stress_clear_sky,voltwatt,13,12,33,1.03747757417137,594.4,514.777098006128,79.6229019938717,0,403.126884452512,0,1,0
stress,80,stress_clear_sky,voltwatt,14,13,31,1.03509758548948,495.333333333333,449.732889386048,45.6004439472855,0,307.603661631199,0,1,0
stress,80,stress_clear_sky,voltwatt,14,13,32,1.03654857403889,544.866666666667,480.790052696494,64.076613970173,0,357.862184934202,0,1,0
stress,80,stress_clear_sky,voltwatt,14,13,33,1.03747757417137,594.4,514.777098006128,79.6229019938717,0,403.126884452512,0,1,0
stress,80,stress_clear_sky,voltwatt,15,14,31,1.03492529750889,495.333333333333,451.251395914247,44.0819374190867,0,305.371678663704,0,1,0
stress,80,stress_clear_sky,voltwatt,15,14,32,1.03637910441412,544.866666666667,482.436092253616,62.4305744130502,0,355.640035807047,0,1,0
stress,80,stress_clear_sky,voltwatt,15,14,33,1.03731070744783,594.4,516.547251966235,77.8527480337649,0,400.856186288962,0,1,0
stress,80,stress_clear_sky,hybrid,11,10,31,1.03079360548746,495.333333333333,487.946436279307,7.3868970540257,-65.0427484099287,242.462285246114,1,1,1
stress,80,stress_clear_sky,hybrid,11,10,32,1.03200102269004,544.866666666667,524.988417073536,19.8782495931307,-86.2972707299689,289.156670537619,1,1,1
stress,80,stress_clear_sky,hybrid,11,10,33,1.03270198922014,594.4,565.250298399163,29.1497016008369,-103.850934806832,328.63177837765,1,1,1
stress,80,stress_clear_sky,hybrid,12,11,31,1.0309642585824,495.333333333333,486.430706673191,8.90262666014274,-66.9092265264662,245.489005965369,1,1,1
stress,80,stress_clear_sky,hybrid,12,11,32,1.03216218528947,544.866666666667,523.412308929349,21.4543577373181,-88.3303764151299,291.999953833945,1,1,1
stress,80,stress_clear_sky,hybrid,12,11,33,1.03285461053139,594.4,563.620886878579,30.779113121421,-106.005256844457,331.418529165471,1,1,1
stress,80,stress_clear_sky,hybrid,13,12,31,1.03107426264723,495.333333333333,485.453683658308,9.87964967502529,-68.1192411984585,247.415451148516,1,1,1
stress,80,stress_clear_sky,hybrid,13,12,32,1.03226605545415,544.866666666667,522.396522939598,22.4701437270688,-89.6470157283524,293.813360823493,1,1,1
stress,80,stress_clear_sky,hybrid,13,12,33,1.0329529614465,594.4,562.570899064046,31.8291009359534,-107.399431189012,333.197732774805,1,1,1
stress,80,stress_clear_sky,hybrid,14,13,31,1.03107426264723,495.333333333333,485.453683658308,9.87964967502529,-68.1192411984585,247.415451148516,1,1,1
stress,80,stress_clear_sky,hybrid,14,13,32,1.03226605545415,544.866666666667,522.396522939598,22.4701437270688,-89.6470157283524,293.813360823493,1,1,1
stress,80,stress_clear_sky,hybrid,14,13,33,1.0329529614465,594.4,562.570899064046,31.8291009359534,-107.399431189012,333.197732774805,1,1,1
stress,80,stress_clear_sky,hybrid,15,14,31,1.0309642585824,495.333333333333,486.430706673191,8.90262666014274,-66.9092265264662,245.489005965369,1,1,1
stress,80,stress_clear_sky,hybrid,15,14,32,1.03216218528947,544.866666666667,523.412308929349,21.4543577373181,-88.3303764151299,291.999953833945,1,1,1
stress,80,stress_clear_sky,hybrid,15,14,33,1.03285461053139,594.4,563.620886878579,30.779113121421,-106.005256844457,331.418529165471,1,1,1
stress,80,stress_clear_sky,hybrid_pso,10,9,31,1.01194482270434,338.322636922839,316.505517061531,21.8171198613076,-0.267330055830916,443.513181443413,0,1,0
stress,80,stress_clear_sky,hybrid_pso,10,9,32,1.0127728325949,372.154900615122,337.990387793393,34.1645128217294,-8.54681891135441,494.961529754636,1,1,1
stress,80,stress_clear_sky,hybrid_pso,10,9,33,1.01331275087542,405.987164307406,361.477970103183,44.5091942042232,-26.0550772590377,544.830636739604,1,1,1
stress,80,stress_clear_sky,hybrid_pso,11,10,30,1.01295005463074,495.333333333333,446.67491340968,48.6584199236535,-8.74538756262371,312.027572779874,1,1,1
stress,80,stress_clear_sky,hybrid_pso,11,10,31,1.01645650653167,495.333333333333,388.823526682422,106.509806650911,-86.6972490496117,381.70138792345,1,1,1
stress,80,stress_clear_sky,hybrid_pso,11,10,32,1.01711525216689,544.866666666667,415.758463840394,129.108202826273,-114.262852884554,431.705128441687,1,1,1
stress,80,stress_clear_sky,hybrid_pso,11,10,33,1.01747363432367,594.4,446.455131006794,147.944868993206,-136.204240885234,477.686677224419,1,1,1
stress,80,stress_clear_sky,hybrid_pso,12,11,30,1.01307404968685,495.333333333333,444.622541118401,50.7107922149325,-11.0349813528517,314.945202176284,1,1,1
stress,80,stress_clear_sky,hybrid_pso,12,11,31,1.01654256753848,495.333333333333,387.402499926349,107.930833406984,-88.9050461375964,383.143559903151,1,1,1
stress,80,stress_clear_sky,hybrid_pso,12,11,32,1.0171920140435,544.866666666667,414.363450732258,130.503215934408,-116.514389504024,433.044280501467,1,1,1
stress,80,stress_clear_sky,hybrid_pso,12,11,33,1.01754211401662,594.4,445.096889369389,149.303110630611,-138.438003780473,478.952507743402,1,1,1
stress,80,stress_clear_sky,hybrid_pso,13,12,30,1.01315392241762,495.333333333333,443.300483742618,52.0328495907152,-12.5306373415998,316.803354713938,1,1,1
stress,80,stress_clear_sky,hybrid_pso,13,12,31,1.01659798168386,495.333333333333,386.487580976503,108.84575235683,-90.3329442148816,384.066445026607,1,1,1
stress,80,stress_clear_sky,hybrid_pso,13,12,32,1.01724143407569,544.866666666667,413.465421102515,131.401245564152,-117.969026688698,433.90179042071,1,1,1
stress,80,stress_clear_sky,hybrid_pso,13,12,33,1.01758619378815,594.4,444.222716207401,150.177283792598,-139.880063108042,479.763404195566,1,1,1
stress,80,stress_clear_sky,hybrid_pso,14,13,30,1.01315392241762,495.333333333333,443.300483742618,52.0328495907152,-12.5306373415998,316.803354713938,1,1,1
stress,80,stress_clear_sky,hybrid_pso,14,13,31,1.01659798168386,495.333333333333,386.487580976503,108.84575235683,-90.3329442148816,384.066445026607,1,1,1
stress,80,stress_clear_sky,hybrid_pso,14,13,32,1.01724143407569,544.866666666667,413.465421102515,131.401245564152,-117.969026688698,433.90179042071,1,1,1
stress,80,stress_clear_sky,hybrid_pso,14,13,33,1.01758619378815,594.4,444.222716207401,150.177283792598,-139.880063108042,479.763404195566,1,1,1
stress,80,stress_clear_sky,hybrid_pso,15,14,30,1.01307404968685,495.333333333333,444.622541118401,50.7107922149325,-11.0349813528517,314.945202176284,1,1,1
stress,80,stress_clear_sky,hybrid_pso,15,14,31,1.01654256753848,495.333333333333,387.402499926349,107.930833406984,-88.9050461375964,383.143559903151,1,1,1
stress,80,stress_clear_sky,hybrid_pso,15,14,32,1.0171920140435,544.866666666667,414.363450732258,130.503215934408,-116.514389504024,433.044280501467,1,1,1
stress,80,stress_clear_sky,hybrid_pso,15,14,33,1.01754211401662,594.4,445.096889369389,149.303110630611,-138.438003780473,478.952507743402,1,1,1
stress,80,stress_clear_sky,hybrid_pso,16,15,31,1.01208306229621,338.322636922839,314.960237088204,23.362399834635,-0.310575255079781,444.611890864141,0,1,0
stress,80,stress_clear_sky,hybrid_pso,16,15,32,1.01289559748889,372.154900615122,336.476376953851,35.6785236612717,-12.0259886018117,495.992001880865,1,1,1
stress,80,stress_clear_sky,hybrid_pso,16,15,33,1.0134228233545,405.987164307406,359.993848371993,45.9933159354131,-29.5257591958187,545.812398846272,1,1,1
stress,100,stress_clear_sky,voltwatt,10,9,32,1.0301006339868,465.193625768903,464.156028258468,1.03759751043471,0,588.087863192314,0,1,0
stress,100,stress_clear_sky,voltwatt,10,9,33,1.03099758772667,507.483955384258,498.703187415765,8.78076796849312,0,647.51403140114,0,1,0
stress,100,stress_clear_sky,voltwatt,11,10,30,1.03452212387275,619.166666666666,568.426761362496,50.7399053041701,0,375.187318430925,0,1,0
stress,100,stress_clear_sky,voltwatt,11,10,31,1.04168832913597,619.166666666666,488.922618751346,130.24404791532,0,474.161554554743,0,1,0
stress,100,stress_clear_sky,voltwatt,11,10,32,1.04326007797543,681.083333333333,518.623935883947,162.459397449386,0,540.663820253419,0,1,0
stress,100,stress_clear_sky,voltwatt,11,10,33,1.04425676705016,743,552.496005081096,190.503994918904,0,602.268589891113,0,1,0
stress,100,stress_clear_sky,voltwatt,12,11,30,1.03474531347303,619.166666666666,565.942134081265,53.2245325854019,0,378.924804962658,0,1,0
stress,100,stress_clear_sky,voltwatt,12,11,31,1.04189382688893,619.166666666666,486.632190191899,132.534476474768,0,476.511928930935,0,1,0
stress,100,stress_clear_sky,voltwatt,12,11,32,1.04346162231724,681.083333333333,516.152267384442,164.931065948891,0,543.023931587437,0,1,0
stress,100,stress_clear_sky,voltwatt,12,11,33,1.0444545424261,743,549.849517527083,193.150482472917,0,604.685701894161,0,1,0
stress,100,stress_clear_sky,voltwatt,13,12,30,1.0348893732884,619.166666666666,564.338408028599,54.8282586380676,0,381.309150386128,0,1,0
stress,100,stress_clear_sky,voltwatt,13,12,31,1.04202647501465,619.166666666666,485.153726182374,134.012940484292,0,478.017121990209,0,1,0
stress,100,stress_clear_sky,voltwatt,13,12,32,1.04359172048156,681.083333333333,514.556789737554,166.526543595779,0,544.53600756769,0,1,0
stress,100,stress_clear_sky,voltwatt,13,12,33,1.04458220879956,743,548.141178361944,194.858821638056,0,606.234722350988,0,1,0
stress,100,stress_clear_sky,voltwatt,14,13,30,1.0348893732884,619.166666666666,564.338408028599,54.8282586380676,0,381.309150386128,0,1,0
stress,100,stress_clear_sky,voltwatt,14,13,31,1.04202647501465,619.166666666666,485.153726182374,134.012940484292,0,478.017121990209,0,1,0
stress,100,stress_clear_sky,voltwatt,14,13,32,1.04359172048156,681.083333333333,514.556789737554,166.526543595779,0,544.53600756769,0,1,0
stress,100,stress_clear_sky,voltwatt,14,13,33,1.04458220879956,743,548.141178361944,194.858821638056,0,606.234722350988,0,1,0
stress,100,stress_clear_sky,voltwatt,15,14,30,1.03474531347303,619.166666666666,565.942134081265,53.2245325854019,0,378.924804962658,0,1,0
stress,100,stress_clear_sky,voltwatt,15,14,31,1.04189382688893,619.166666666666,486.632190191899,132.534476474768,0,476.511928930935,0,1,0
stress,100,stress_clear_sky,voltwatt,15,14,32,1.04346162231724,681.083333333333,516.152267384442,164.931065948891,0,543.023931587437,0,1,0
stress,100,stress_clear_sky,voltwatt,15,14,33,1.0444545424261,743,549.849517527083,193.150482472917,0,604.685701894161,0,1,0
stress,100,stress_clear_sky,voltwatt,16,15,32,1.03042607965102,465.193625768903,461.473200459986,3.72042530891693,0,590.195424126615,0,1,0
stress,100,stress_clear_sky,voltwatt,16,15,33,1.03131858182929,507.483955384258,495.809770860425,11.6741845238333,0,649.732222626624,0,1,0
stress,100,stress_clear_sky,hybrid,11,10,31,1.03505766876567,619.166666666666,562.723550937762,56.4431157289045,-144.230470814615,383.688300791724,1,1,1
stress,100,stress_clear_sky,hybrid,11,10,32,1.03615218591933,681.083333333333,605.591554696203,75.4917786371301,-177.86894337849,441.074848844743,1,1,1
stress,100,stress_clear_sky,hybrid,11,10,33,1.03670745881136,743,653.203147294186,89.7968527058143,-204.907326098791,491.227990209201,1,1,1
stress,100,stress_clear_sky,hybrid,12,11,31,1.03519753807976,619.166666666666,561.167549669868,57.9991169967986,-146.436752019845,385.960474844201,1,1,1
stress,100,stress_clear_sky,hybrid,12,11,32,1.03628160959321,681.083333333333,604.004912299714,77.0784210336189,-180.17051017037,443.245100729373,1,1,1
stress,100,stress_clear_sky,hybrid,12,11,33,1.0368277672627,743,651.591796223229,91.4082037767706,-207.275225083828,493.363376320725,1,1,1
stress,100,stress_clear_sky,hybrid,13,12,31,1.03528774985378,619.166666666666,560.163967315363,59.0026993513032,-147.864188059342,387.415586503637,1,1,1
stress,100,stress_clear_sky,hybrid,13,12,32,1.03636507536763,681.083333333333,602.981666480553,78.1016668527802,-181.658670391904,444.636102100485,1,1,1
stress,100,stress_clear_sky,hybrid,13,12,33,1.03690534660208,743,650.552714615587,92.4472853844127,-208.805670304988,494.732711174721,1,1,1
stress,100,stress_clear_sky,hybrid,14,13,31,1.03528774985378,619.166666666666,560.163967315363,59.0026993513032,-147.864188059342,387.415586503637,1,1,1
stress,100,stress_clear_sky,hybrid,14,13,32,1.03636507536763,681.083333333333,602.981666480553,78.1016668527802,-181.658670391904,444.636102100485,1,1,1
stress,100,stress_clear_sky,hybrid,14,13,33,1.03690534660208,743,650.552714615587,92.4472853844127,-208.805670304988,494.732711174721,1,1,1
stress,100,stress_clear_sky,hybrid,15,14,31,1.03519753807976,619.166666666666,561.167549669868,57.9991169967986,-146.436752019845,385.960474844201,1,1,1
stress,100,stress_clear_sky,hybrid,15,14,32,1.03628160959321,681.083333333333,604.004912299714,77.0784210336189,-180.17051017037,443.245100729373,1,1,1
stress,100,stress_clear_sky,hybrid,15,14,33,1.0368277672627,743,651.591796223229,91.4082037767706,-207.275225083828,493.363376320725,1,1,1
stress,100,stress_clear_sky,hybrid_pso,9,8,33,1.01007383988318,346.621756355924,345.800073807474,0.821682548449816,0,740.541422848679,0,1,0
stress,100,stress_clear_sky,hybrid_pso,10,9,30,1.01062501481996,422.903296153548,414.08546991311,8.81782624043807,-0.353253092157598,540.74738145578,0,1,0
stress,100,stress_clear_sky,hybrid_pso,10,9,31,1.01416664412117,422.903296153548,364.320473437161,58.5828227163871,-55.5315168811943,575.452082782717,1,1,1
stress,100,stress_clear_sky,hybrid_pso,10,9,32,1.01484162364902,465.193625768903,390.295267223312,74.898358545591,-86.287864700427,639.498051432419,1,1,1
stress,100,stress_clear_sky,hybrid_pso,10,9,33,1.01522733118633,507.483955384258,419.251926995089,88.2320283891691,-110.078104976108,701.574737081449,1,1,1
stress,100,stress_clear_sky,hybrid_pso,11,10,18,1.01092404371836,495.333333333333,480.405457295254,14.9278760380797,-0.359782138201552,257.080300772702,0,1,0
stress,100,stress_clear_sky,hybrid_pso,11,10,30,1.01494386110336,619.166666666666,517.168076053776,101.998590612891,-62.6106353800369,443.183582790789,1,1,1
stress,100,stress_clear_sky,hybrid_pso,11,10,31,1.01812660851731,619.166666666666,451.574469199161,167.592197467505,-164.416995329135,509.857828920906,1,1,1
stress,100,stress_clear_sky,hybrid_pso,11,10,32,1.01865894417716,681.083333333333,484.646647133641,196.436686199693,-201.601231225596,571.319333494761,1,1,1
stress,100,stress_clear_sky,hybrid_pso,11,10,33,1.01887450007322,743,523.361143299767,219.638856700233,-229.251408779649,627.751864739533,1,1,1
stress,100,stress_clear_sky,hybrid_pso,12,11,18,1.0111408304338,495.333333333333,476.844240314315,18.4890930190188,-0.379510474608564,263.627113407382,0,1,0
stress,100,stress_clear_sky,hybrid_pso,12,11,30,1.01503847274242,619.166666666666,515.219134343821,103.947532322846,-65.3426966917441,445.447809008472,1,1,1
stress,100,stress_clear_sky,hybrid_pso,12,11,31,1.01818851131545,619.166666666666,450.300762439005,168.865904227661,-166.59030806521,510.983101766873,1,1,1
stress,100,stress_clear_sky,hybrid_pso,12,11,32,1.01871298554901,681.083333333333,483.424434942875,197.658898390458,-203.736665958844,572.353884500612,1,1,1
stress,100,stress_clear_sky,hybrid_pso,12,11,33,1.01892134820316,743,522.206503673071,220.793496326929,-231.288236279476,628.712698711857,1,1,1
stress,100,stress_clear_sky,hybrid_pso,13,12,18,1.01128077159881,495.333333333333,474.54539882701,20.7879345063235,-0.392298332493072,267.7430650765,0,1,0
stress,100,stress_clear_sky,hybrid_pso,13,12,30,1.01509948191248,619.166666666666,513.962305752423,105.204360914244,-67.1155233483977,446.897365409663,1,1,1
stress,100,stress_clear_sky,hybrid_pso,13,12,31,1.0182284209743,619.166666666666,449.479778776697,169.686887889969,-167.994672185627,511.705418590908,1,1,1
stress,100,stress_clear_sky,hybrid_pso,13,12,32,1.01874782475986,681.083333333333,482.63668563087,198.446647702463,-205.115873056429,573.01830955566,1,1,1
stress,100,stress_clear_sky,hybrid_pso,13,12,33,1.01895154676164,743,521.462409996825,221.537590003175,-232.603240793985,629.329996869928,1,1,1
stress,100,stress_clear_sky,hybrid_pso,14,13,18,1.01128077159881,495.333333333333,474.54539882701,20.7879345063235,-0.392298332493072,267.7430650765,0,1,0
stress,100,stress_clear_sky,hybrid_pso,14,13,30,1.01509948191248,619.166666666666,513.962305752423,105.204360914244,-67.1155233483977,446.897365409663,1,1,1
stress,100,stress_clear_sky,hybrid_pso,14,13,31,1.0182284209743,619.166666666666,449.479778776697,169.686887889969,-167.994672185627,511.705418590908,1,1,1
stress,100,stress_clear_sky,hybrid_pso,14,13,32,1.01874782475986,681.083333333333,482.63668563087,198.446647702463,-205.115873056429,573.01830955566,1,1,1
stress,100,stress_clear_sky,hybrid_pso,14,13,33,1.01895154676164,743,521.462409996825,221.537590003175,-232.603240793985,629.329996869928,1,1,1
stress,100,stress_clear_sky,hybrid_pso,15,14,18,1.0111408304338,495.333333333333,476.844240314315,18.4890930190188,-0.379510474608564,263.627113407382,0,1,0
stress,100,stress_clear_sky,hybrid_pso,15,14,30,1.01503847274242,619.166666666666,515.219134343821,103.947532322846,-65.3426966917441,445.447809008472,1,1,1
stress,100,stress_clear_sky,hybrid_pso,15,14,31,1.01818851131545,619.166666666666,450.300762439005,168.865904227661,-166.59030806521,510.983101766873,1,1,1
stress,100,stress_clear_sky,hybrid_pso,15,14,32,1.01871298554901,681.083333333333,483.424434942875,197.658898390458,-203.736665958844,572.353884500612,1,1,1
stress,100,stress_clear_sky,hybrid_pso,15,14,33,1.01892134820316,743,522.206503673071,220.793496326929,-231.288236279476,628.712698711857,1,1,1
stress,100,stress_clear_sky,hybrid_pso,16,15,30,1.01075187737292,422.903296153548,412.307050005032,10.5962461485158,-0.371733743855567,542.104605644143,0,1,0
stress,100,stress_clear_sky,hybrid_pso,16,15,31,1.01425027945056,422.903296153548,363.140521500022,59.7627746535261,-58.3519273103553,576.197421539819,1,1,1
stress,100,stress_clear_sky,hybrid_pso,16,15,32,1.01491474487036,465.193625768903,389.157795358481,76.0358304104224,-89.0445305392767,640.190880686772,1,1,1
stress,100,stress_clear_sky,hybrid_pso,16,15,33,1.01529128897161,507.483955384258,418.164162282886,89.3197931013724,-112.738124230043,702.22362775846,1,1,1
stress,100,stress_clear_sky,hybrid_pso,17,16,33,1.0103243311965,346.621756355924,342.920248667069,3.7015076888552,0,741.879365567014,0,1,0
stress,120,stress_clear_sky,voltwatt,10,9,31,1.03523871127367,507.483955384258,459.50609308594,47.9778622983176,0,675.894548296474,0,1,0
stress,120,stress_clear_sky,voltwatt,10,9,32,1.03671260211181,558.232350922684,490.905067123747,67.3272837989366,0,753.171398801249,0,1,0
stress,120,stress_clear_sky,voltwatt,10,9,33,1.03765831099045,608.980746461109,525.34572701174,83.635019449369,0,828.192033715916,0,1,0
stress,120,stress_clear_sky,voltwatt,11,10,30,1.03944532270571,743,616.34951999235,126.65048000765,0,536.742544620043,0,1,0
stress,120,stress_clear_sky,voltwatt,11,10,31,1.04700159584451,743,515.664778222808,227.335221777191,0,634.089210206594,0,1,0
stress,120,stress_clear_sky,voltwatt,11,10,32,1.04865290511908,817.3,543.014259882832,274.285740117168,0,716.512703630508,0,1,0
stress,120,stress_clear_sky,voltwatt,11,10,33,1.04969150184962,891.6,575.770524983898,315.829475016102,0,793.963777611905,0,1,0
stress,120,stress_clear_sky,voltwatt,12,11,30,1.03964830473966,743,613.639645774879,129.36035422512,0,539.838563955263,0,1,0
stress,120,stress_clear_sky,voltwatt,12,11,31,1.04718446941391,743,513.217657741166,229.782342258834,0,636.071478516897,0,1,0
stress,120,stress_clear_sky,voltwatt,12,11,32,1.0488313172387,817.3,540.386192534907,276.913807465093,0,718.49683633098,0,1,0
stress,120,stress_clear_sky,voltwatt,12,11,33,1.04986589023504,891.6,572.980656479568,318.619343520431,0,795.979487738373,0,1,0
stress,120,stress_clear_sky,voltwatt,13,12,30,1.03977931602178,743,611.891264393084,131.108735606916,0,541.81949998079,0,1,0
stress,120,stress_clear_sky,voltwatt,13,12,31,1.04730251439844,743,511.63841239259,231.36158760741,0,637.342470705029,0,1,0
stress,120,stress_clear_sky,voltwatt,13,12,32,1.04894648538806,817.3,538.690069971315,278.609930028685,0,719.769372378611,0,1,0
stress,120,stress_clear_sky,voltwatt,13,12,33,1.04997846265735,891.6,571.18004791872,320.419952081279,0,797.272557197078,0,1,0
stress,120,stress_clear_sky,voltwatt,14,13,30,1.03977931602178,743,611.891264393084,131.108735606916,0,541.81949998079,0,1,0
stress,120,stress_clear_sky,voltwatt,14,13,31,1.04730251439844,743,511.63841239259,231.36158760741,0,637.342470705029,0,1,0
stress,120,stress_clear_sky,voltwatt,14,13,32,1.04894648538806,817.3,538.690069971315,278.609930028685,0,719.769372378611,0,1,0
stress,120,stress_clear_sky,voltwatt,14,13,33,1.04997846265735,891.6,571.18004791872,320.419952081279,0,797.272557197078,0,1,0
stress,120,stress_clear_sky,voltwatt,15,14,30,1.03964830473966,743,613.639645774879,129.36035422512,0,539.838563955263,0,1,0
stress,120,stress_clear_sky,voltwatt,15,14,31,1.04718446941391,743,513.217657741166,229.782342258834,0,636.071478516897,0,1,0
stress,120,stress_clear_sky,voltwatt,15,14,32,1.0488313172387,817.3,540.386192534907,276.913807465093,0,718.49683633098,0,1,0
stress,120,stress_clear_sky,voltwatt,15,14,33,1.04986589023504,891.6,572.980656479568,318.619343520431,0,795.979487738373,0,1,0
stress,120,stress_clear_sky,voltwatt,16,15,31,1.03549690659929,507.483955384258,457.188716396706,50.2952389875516,0,677.464218685778,0,1,0
stress,120,stress_clear_sky,voltwatt,16,15,32,1.03696621713093,558.232350922684,488.34502963244,69.8873212902439,0,754.833804842689,0,1,0
stress,120,stress_clear_sky,voltwatt,16,15,33,1.03790777078043,608.980746461109,522.558693148135,86.4220533129741,0,829.953366048546,0,1,0
stress,120,stress_clear_sky,hybrid,11,10,30,1.03225317345278,743,712.638748709388,30.3612512906122,-122.46771345556,400.156599143283,1,1,1
stress,120,stress_clear_sky,hybrid,11,10,31,1.03770277761126,743,639.809572136476,103.190427863524,-224.685541779891,508.549900602232,1,1,1
stress,120,stress_clear_sky,hybrid,11,10,32,1.03870109578064,817.3,689.077467653247,128.222532346753,-269.508498646454,577.431540940213,1,1,1
stress,120,stress_clear_sky,hybrid,11,10,33,1.03912429127284,891.6,744.877489842839,146.722510157161,-304.55123430732,638.002901815839,1,1,1
stress,120,stress_clear_sky,hybrid,12,11,30,1.03238311009546,743,710.89968145167,32.1003185483299,-124.715173899552,403.238059850399,1,1,1
stress,120,stress_clear_sky,hybrid,12,11,31,1.03780033567161,743,638.500428276307,104.499571723693,-226.651198789226,510.192603916377,1,1,1
stress,120,stress_clear_sky,hybrid,12,11,32,1.03879061820868,817.3,687.754586248427,129.545413751573,-271.535048133381,579.006537091124,1,1,1
stress,120,stress_clear_sky,hybrid,12,11,33,1.03920638104169,891.6,743.561522293078,148.038477706921,-306.596463549911,639.536113261166,1,1,1
stress,120,stress_clear_sky,hybrid,13,12,30,1.03246693652415,743,709.777744094014,33.2222559059857,-126.170580640305,405.209629684207,1,1,1
stress,120,stress_clear_sky,hybrid,13,12,31,1.03786326482557,743,637.655967024012,105.344032975988,-227.921326931361,511.247648130211,1,1,1
stress,120,stress_clear_sky,hybrid,13,12,32,1.03884836146399,817.3,686.901302483425,130.398697516575,-272.844103919177,580.018570001491,1,1,1
stress,120,stress_clear_sky,hybrid,13,12,33,1.03925932689293,891.6,742.71275746177,148.88724253823,-307.9173159871,640.521613611542,1,1,1
stress,120,stress_clear_sky,hybrid,14,13,30,1.03246693652415,743,709.777744094014,33.2222559059857,-126.170580640305,405.209629684207,1,1,1
stress,120,stress_clear_sky,hybrid,14,13,31,1.03786326482557,743,637.655967024012,105.344032975988,-227.921326931361,511.247648130211,1,1,1
stress,120,stress_clear_sky,hybrid,14,13,32,1.03884836146399,817.3,686.901302483425,130.398697516575,-272.844103919177,580.018570001491,1,1,1
stress,120,stress_clear_sky,hybrid,14,13,33,1.03925932689293,891.6,742.71275746177,148.88724253823,-307.9173159871,640.521613611542,1,1,1
stress,120,stress_clear_sky,hybrid,15,14,30,1.03238311009546,743,710.89968145167,32.1003185483299,-124.715173899552,403.238059850399,1,1,1
stress,120,stress_clear_sky,hybrid,15,14,31,1.03780033567161,743,638.500428276307,104.499571723693,-226.651198789226,510.192603916377,1,1,1
stress,120,stress_clear_sky,hybrid,15,14,32,1.03879061820868,817.3,687.754586248427,129.545413751573,-271.535048133381,579.006537091124,1,1,1
stress,120,stress_clear_sky,hybrid,15,14,33,1.03920638104169,891.6,743.561522293078,148.038477706921,-306.596463549911,639.536113261166,1,1,1
stress,120,stress_clear_sky,hybrid_pso,9,8,31,1.01205719578351,346.621756355924,322.993108558284,23.6286477976399,-0.354398296260365,750.769433197607,0,1,0
stress,120,stress_clear_sky,hybrid_pso,9,8,32,1.01284849279177,381.283931991516,345.295353470262,35.9885785212542,-17.656533593331,830.075936147921,1,1,1
stress,120,stress_clear_sky,hybrid_pso,9,8,33,1.01334332962917,415.946107627109,369.852918291797,46.0931893353118,-44.8138281253869,908.349600336259,1,1,1
stress,120,stress_clear_sky,hybrid_pso,10,9,30,1.01245700776967,507.483955384258,466.019057582627,41.4648978016311,-0.392151108026557,671.42052989896,0,1,0
stress,120,stress_clear_sky,hybrid_pso,10,9,31,1.01559454421209,507.483955384258,412.907403552191,94.5765518320667,-125.32165376371,705.327417652106,1,1,1
stress,120,stress_clear_sky,hybrid_pso,10,9,32,1.01613460338409,558.232350922684,444.138047910448,114.094303012236,-163.008129836647,781.662545666796,1,1,1
stress,120,stress_clear_sky,hybrid_pso,10,9,33,1.01638322054293,608.980746461109,479.455061462197,129.525684998913,-190.594939358513,855.577595334451,1,1,1
stress,120,stress_clear_sky,hybrid_pso,11,10,18,1.01206543328149,594.4,525.758514249223,68.6414857507765,-27.798166063389,388.696192796443,0,1,0
stress,120,stress_clear_sky,hybrid_pso,11,10,30,1.01398544354053,743,584.436992206461,158.563007793538,-133.650333938141,571.32538202032,1,1,1
stress,120,stress_clear_sky,hybrid_pso,11,10,31,1.01651932565115,743,510.866241580861,232.133758419139,-256.490371877047,637.96157659615,1,1,1
stress,120,stress_clear_sky,hybrid_pso,11,10,32,1.01684768032814,817.3,550.001267738594,267.298732261406,-303.772737717776,711.163515927202,1,1,1
stress,120,stress_clear_sky,hybrid_pso,11,10,33,1.01686646254389,891.6,597.092727495076,294.507272504924,-336.955379146099,778.055558666918,1,1,1
stress,120,stress_clear_sky,hybrid_pso,12,11,18,1.01198885890955,594.4,523.481842441,70.9181575590001,-31.8138605970173,391.756947908491,0,1,0
stress,120,stress_clear_sky,hybrid_pso,12,11,30,1.01375317411987,743,582.086996232631,160.913003767368,-138.906411693456,573.719460029789,1,1,1
stress,120,stress_clear_sky,hybrid_pso,12,11,31,1.01620037624331,743,509.205109696649,233.794890303351,-261.030060609335,639.2882341001,1,1,1
stress,120,stress_clear_sky,hybrid_pso,12,11,32,1.01650709433265,817.3,548.358814474116,268.941185525884,-308.52522359206,712.430734519885,1,1,1
stress,120,stress_clear_sky,hybrid_pso,12,11,33,1.01650839455569,891.6,595.504404077163,296.095595922837,-341.870108711624,779.271892425681,1,1,1
stress,120,stress_clear_sky,hybrid_pso,13,12,18,1.0119449088746,594.4,522.016305958882,72.3836940411179,-34.3861578881801,393.707660470358,0,1,0
stress,120,stress_clear_sky,hybrid_pso,13,12,30,1.01361284985589,743,580.610090561563,162.389909438436,-142.285652161905,575.214058188856,1,1,1
stress,120,stress_clear_sky,hybrid_pso,13,12,31,1.01600585889732,743,508.180734299193,234.819265700807,-263.921043092818,640.10282868234,1,1,1
stress,120,stress_clear_sky,hybrid_pso,13,12,32,1.01629904686737,817.3,547.353787671483,269.946212328517,-311.545608178044,713.203177237512,1,1,1
stress,120,stress_clear_sky,hybrid_pso,13,12,33,1.01628935877833,891.6,594.54184986734,297.05815013266,-344.989964816823,780.006516867853,1,1,1
stress,120,stress_clear_sky,hybrid_pso,14,13,18,1.0119449088746,594.4,522.016305958882,72.3836940411179,-34.3861578881801,393.707660470358,0,1,0
stress,120,stress_clear_sky,hybrid_pso,14,13,30,1.01361284985589,743,580.610090561563,162.389909438436,-142.285652161905,575.214058188856,1,1,1
stress,120,stress_clear_sky,hybrid_pso,14,13,31,1.01600585889732,743,508.180734299193,234.819265700807,-263.921043092818,640.10282868234,1,1,1
stress,120,stress_clear_sky,hybrid_pso,14,13,32,1.01629904686737,817.3,547.353787671483,269.946212328517,-311.545608178044,713.203177237512,1,1,1
stress,120,stress_clear_sky,hybrid_pso,14,13,33,1.01628935877833,891.6,594.54184986734,297.05815013266,-344.989964816823,780.006516867853,1,1,1
stress,120,stress_clear_sky,hybrid_pso,15,14,18,1.01198885890955,594.4,523.481842441,70.9181575590001,-31.8138605970173,391.756947908491,0,1,0
stress,120,stress_clear_sky,hybrid_pso,15,14,30,1.01375317411987,743,582.086996232631,160.913003767368,-138.906411693456,573.719460029789,1,1,1
stress,120,stress_clear_sky,hybrid_pso,15,14,31,1.01620037624331,743,509.205109696649,233.794890303351,-261.030060609335,639.2882341001,1,1,1
stress,120,stress_clear_sky,hybrid_pso,15,14,32,1.01650709433265,817.3,548.358814474116,268.941185525884,-308.52522359206,712.430734519885,1,1,1
stress,120,stress_clear_sky,hybrid_pso,15,14,33,1.01650839455569,891.6,595.504404077163,296.095595922837,-341.870108711624,779.271892425681,1,1,1
stress,120,stress_clear_sky,hybrid_pso,16,15,30,1.0125611675667,507.483955384258,464.24261408911,43.241341295148,-3.40812059345305,672.65004665406,1,1,1
stress,120,stress_clear_sky,hybrid_pso,16,15,31,1.01565971644335,507.483955384258,411.820059508925,95.6638958753333,-128.091096794974,705.962837963916,1,1,1
stress,120,stress_clear_sky,hybrid_pso,16,15,32,1.01619045930135,558.232350922684,443.119464113264,115.11288680942,-165.647063868297,782.240424309543,1,1,1
stress,120,stress_clear_sky,hybrid_pso,16,15,33,1.01643083881247,608.980746461109,478.51022467267,130.47052178844,-193.069117050556,856.106385026832,1,1,1
stress,120,stress_clear_sky,hybrid_pso,17,16,31,1.01213956195192,346.621756355924,322.051013937461,24.5707424184633,-0.38664745535582,751.174037372068,0,1,0
stress,120,stress_clear_sky,hybrid_pso,17,16,32,1.01291772693327,381.283931991516,344.421942630001,36.861989361515,-20.9346967775131,830.43871919304,1,1,1
stress,120,stress_clear_sky,hybrid_pso,17,16,33,1.01340214990981,415.946107627109,369.04233568257,46.9037719445389,-47.8803988113929,908.679223969577,1,1,1
stress,150,stress_clear_sky,voltwatt,9,8,32,1.03085669073695,476.604914989395,469.157871731624,7.44704325777116,0,1021.17052275734,0,1,0
stress,150,stress_clear_sky,voltwatt,9,8,33,1.03176210707823,519.932634533886,503.774520091676,16.1581144422098,0,1117.6603399094,0,1,0
stress,150,stress_clear_sky,voltwatt,10,9,30,1.03497049659368,634.354944230322,577.252770455072,57.1021737752502,0,842.909769564302,0,1,0
stress,150,stress_clear_sky,voltwatt,10,9,31,1.0422110295897,634.354944230322,494.947681124424,139.407263105898,0,893.725032420238,0,1,0
stress,150,stress_clear_sky,voltwatt,10,9,32,1.04379844358192,697.790438653354,524.583216872859,173.207221780496,0,993.836401894987,0,1,0
stress,150,stress_clear_sky,voltwatt,10,9,33,1.04480511652249,761.225933076387,558.534118816209,202.691814260177,0,1091.32627596801,0,1,0
stress,150,stress_clear_sky,voltwatt,11,10,18,1.03585707774244,743,664.675877323999,78.3241226760007,0,475.589390234446,0,1,0
stress,150,stress_clear_sky,voltwatt,11,10,30,1.04483754652838,928.75,680.381156028512,248.368843971488,0,762.101780044047,0,1,0
stress,150,stress_clear_sky,voltwatt,11,10,31,1.05282509249006,928.75,547.165202707118,381.584797292881,0,862.744389475515,0,1,0
stress,150,stress_clear_sky,voltwatt,11,10,32,1.05456135115347,1021.625,570.058614467946,451.566385532054,0,968.468647518925,0,1,0
stress,150,stress_clear_sky,voltwatt,11,10,33,1.0556433132622,1114.5,600.2488889217,514.251111078299,0,1068.95026724739,0,1,0
stress,150,stress_clear_sky,voltwatt,12,11,18,1.03611054612579,743,661.286056286027,81.7139437139732,0,480.291621581799,0,1,0
stress,150,stress_clear_sky,voltwatt,12,11,30,1.04500207857146,928.75,677.629268217215,251.120731782785,0,764.549681499117,0,1,0
stress,150,stress_clear_sky,voltwatt,12,11,31,1.05297037874776,928.75,544.733289204128,384.016710795872,0,864.281947201173,0,1,0
stress,150,stress_clear_sky,voltwatt,12,11,32,1.05470238999782,1021.625,567.467474909042,454.157525090958,0,969.989180391517,0,1,0
stress,150,stress_clear_sky,voltwatt,12,11,33,1.05578046290477,1114.5,597.499142997048,517.000857002952,0,1070.48969010346,0,1,0
stress,150,stress_clear_sky,voltwatt,13,12,18,1.03627417089366,743,659.097781732919,83.9022182670814,0,483.290186238813,0,1,0
stress,150,stress_clear_sky,voltwatt,13,12,30,1.0451082845305,928.75,675.852098711152,252.897901288848,0,766.121127037188,0,1,0
stress,150,stress_clear_sky,voltwatt,13,12,31,1.05306417129067,928.75,543.166317366452,385.583682633548,0,865.267584220955,0,1,0
stress,150,stress_clear_sky,voltwatt,13,12,32,1.0547934381406,1021.625,565.7936017724,455.8313982276,0,970.966500632059,0,1,0
stress,150,stress_clear_sky,voltwatt,13,12,33,1.05586899911117,1114.5,595.723004165303,518.776995834697,0,1071.47912009906,0,1,0
stress,150,stress_clear_sky,voltwatt,14,13,18,1.03627417089366,743,659.097781732919,83.9022182670814,0,483.290186238813,0,1,0
stress,150,stress_clear_sky,voltwatt,14,13,30,1.0451082845305,928.75,675.852098711152,252.897901288848,0,766.121127037188,0,1,0
stress,150,stress_clear_sky,voltwatt,14,13,31,1.05306417129067,928.75,543.166317366452,385.583682633548,0,865.267584220955,0,1,0
stress,150,stress_clear_sky,voltwatt,14,13,32,1.0547934381406,1021.625,565.7936017724,455.8313982276,0,970.966500632059,0,1,0
stress,150,stress_clear_sky,voltwatt,14,13,33,1.05586899911117,1114.5,595.723004165303,518.776995834697,0,1071.47912009906,0,1,0
stress,150,stress_clear_sky,voltwatt,15,14,18,1.03611054612579,743,661.286056286027,81.7139437139732,0,480.291621581799,0,1,0
stress,150,stress_clear_sky,voltwatt,15,14,30,1.04500207857146,928.75,677.629268217215,251.120731782785,0,764.549681499117,0,1,0
stress,150,stress_clear_sky,voltwatt,15,14,31,1.05297037874776,928.75,544.733289204128,384.016710795872,0,864.281947201173,0,1,0
stress,150,stress_clear_sky,voltwatt,15,14,32,1.05470238999782,1021.625,567.467474909042,454.157525090958,0,969.989180391517,0,1,0
stress,150,stress_clear_sky,voltwatt,15,14,33,1.05578046290477,1114.5,597.499142997048,517.000857002952,0,1070.48969010346,0,1,0
stress,150,stress_clear_sky,voltwatt,16,15,30,1.03518651542072,634.354944230322,574.788993420392,59.5659508099304,0,844.591767463887,0,1,0
stress,150,stress_clear_sky,voltwatt,16,15,31,1.04240936583871,634.354944230322,492.682842978813,141.67210125151,0,894.975562157601,0,1,0
stress,150,stress_clear_sky,voltwatt,16,15,32,1.04399283144005,697.790438653354,522.140827971944,175.649610681411,0,995.121751807799,0,1,0
stress,150,stress_clear_sky,voltwatt,16,15,33,1.0449957717773,761.225933076387,555.920314122437,205.30561895395,0,1092.66006005803,0,1,0
stress,150,stress_clear_sky,voltwatt,17,16,32,1.03109080476483,476.604914989395,467.197705758251,9.40720923114386,0,1022.06880829545,0,1,0
stress,150,stress_clear_sky,voltwatt,17,16,33,1.03199280185972,519.932634533886,501.574667118478,18.3579674154079,0,1118.6492997383,0,1,0
stress,150,stress_clear_sky,hybrid,10,9,31,1.03133776158223,634.354944230322,618.812205009094,15.5427392212284,-230.025242238539,812.889350131236,1,1,1
stress,150,stress_clear_sky,hybrid,10,9,32,1.0322359069773,697.790438653354,669.416504563998,28.3739340893567,-275.655372766285,902.651587587132,1,1,1
stress,150,stress_clear_sky,hybrid,10,9,33,1.03259941029492,761.225933076387,725.248748237709,35.9771848386772,-310.866890041748,988.416741905779,1,1,1
stress,150,stress_clear_sky,hybrid,11,10,18,1.03050089725768,743,736.131032174456,6.86896782554364,-92.9480536398702,355.092091533689,1,1,1
stress,150,stress_clear_sky,hybrid,11,10,30,1.03504360773385,928.75,844.107220553357,84.642779446643,-216.161185221986,575.500339560879,1,1,1
stress,150,stress_clear_sky,hybrid,11,10,31,1.04026197198288,928.75,757.015145143319,171.734854856681,-347.102831282435,686.036231294412,1,1,1
stress,150,stress_clear_sky,hybrid,11,10,32,1.04113080527841,1021.625,816.728879511882,204.896120488117,-407.348327848136,771.914686042127,1,1,1
stress,150,stress_clear_sky,hybrid,11,10,33,1.04137023457708,1114.5,886.121115266549,228.37888473345,-452.209977229785,847.197008716843,1,1,1
stress,150,stress_clear_sky,hybrid,12,11,18,1.03065921925229,743,734.028139110595,8.97186088940462,-95.5298534949115,359.418949130171,1,1,1
stress,150,stress_clear_sky,hybrid,12,11,30,1.03514767878024,928.75,842.36844734553,86.3815526544699,-218.622082696706,578.042420192222,1,1,1
stress,150,stress_clear_sky,hybrid,12,11,31,1.04033616348754,928.75,755.775719807941,172.974280192059,-349.071142374144,687.401412548584,1,1,1
stress,150,stress_clear_sky,hybrid,12,11,32,1.04119769727895,1021.625,815.499783878936,206.125216121064,-409.329220943356,773.21306743333,1,1,1
stress,150,stress_clear_sky,hybrid,12,11,33,1.04143027054282,1114.5,884.917870462765,229.582129537234,-454.15701054963,848.453749497074,1,1,1
stress,150,stress_clear_sky,hybrid,13,12,18,1.03076123869004,743,732.672088562137,10.3279114378635,-97.2015010185943,362.175234716562,1,1,1
stress,150,stress_clear_sky,hybrid,13,12,30,1.03521483059857,928.75,841.246564830122,87.5034351698778,-220.213631650568,579.673923673059,1,1,1
stress,150,stress_clear_sky,hybrid,13,12,31,1.04038403240953,928.75,754.976039444356,173.773960555644,-350.342464805805,688.279609235894,1,1,1
stress,150,stress_clear_sky,hybrid,13,12,32,1.04124085559071,1021.625,814.706773701773,206.918226298227,-410.608439473341,774.048588940448,1,1,1
stress,150,stress_clear_sky,hybrid,13,12,33,1.04146900374974,1114.5,884.141564571954,230.358435428045,-455.41418743186,849.262678030923,1,1,1
stress,150,stress_clear_sky,hybrid,14,13,18,1.03076123869004,743,732.672088562137,10.3279114378635,-97.2015010185943,362.175234716562,1,1,1
stress,150,stress_clear_sky,hybrid,14,13,30,1.03521483059857,928.75,841.246564830122,87.5034351698778,-220.213631650568,579.673923673059,1,1,1
stress,150,stress_clear_sky,hybrid,14,13,31,1.04038403240953,928.75,754.976039444356,173.773960555644,-350.342464805805,688.279609235894,1,1,1
stress,150,stress_clear_sky,hybrid,14,13,32,1.04124085559071,1021.625,814.706773701773,206.918226298227,-410.608439473341,774.048588940448,1,1,1
stress,150,stress_clear_sky,hybrid,14,13,33,1.04146900374974,1114.5,884.141564571954,230.358435428045,-455.41418743186,849.262678030923,1,1,1
stress,150,stress_clear_sky,hybrid,15,14,18,1.03065921925229,743,734.028139110595,8.97186088940462,-95.5298534949115,359.418949130171,1,1,1
stress,150,stress_clear_sky,hybrid,15,14,30,1.03514767878024,928.75,842.36844734553,86.3815526544699,-218.622082696706,578.042420192222,1,1,1
stress,150,stress_clear_sky,hybrid,15,14,31,1.04033616348754,928.75,755.775719807941,172.974280192059,-349.071142374144,687.401412548584,1,1,1
stress,150,stress_clear_sky,hybrid,15,14,32,1.04119769727895,1021.625,815.499783878936,206.125216121064,-409.329220943356,773.21306743333,1,1,1
stress,150,stress_clear_sky,hybrid,15,14,33,1.04143027054282,1114.5,884.917870462765,229.582129537234,-454.15701054963,848.453749497074,1,1,1
stress,150,stress_clear_sky,hybrid,16,15,31,1.0314453495201,634.354944230322,617.639344548427,16.7155996818951,-232.536421140081,813.780855446225,1,1,1
stress,150,stress_clear_sky,hybrid,16,15,32,1.03233357720877,697.790438653354,668.244041689554,29.5463969638005,-278.215812397834,903.519920036442,1,1,1
stress,150,stress_clear_sky,hybrid,16,15,33,1.0326882614874,761.225933076387,724.096981151419,37.1289519249679,-313.423543765181,989.26081716977,1,1,1
stress,150,stress_clear_sky,hybrid_pso,9,8,30,1.01043210055909,433.277195444905,427.033608071723,6.24358737318139,-0.343246319028475,928.094789448926,0,1,0
stress,150,stress_clear_sky,hybrid_pso,9,8,31,1.01378672765788,433.277195444905,378.705997495081,54.571197949824,-70.898327864953,948.841086845556,1,1,1
stress,150,stress_clear_sky,hybrid_pso,9,8,32,1.01438647366553,476.604914989395,407.041515170287,69.5633998191086,-114.06433511589,1047.48057265237,1,1,1
stress,150,stress_clear_sky,hybrid_pso,9,8,33,1.0146976582546,519.932634533886,438.638578724376,81.29405580951,-144.992844424254,1144.79238281649,1,1,1
stress,150,stress_clear_sky,hybrid_pso,10,9,31,1.01183620441143,634.354944230322,487.734355300572,146.62058892975,-254.149528983583,897.681925452738,0,1,0
stress,150,stress_clear_sky,hybrid_pso,10,9,32,1.01206857108646,697.790438653354,526.184385986483,171.606052666871,-301.386103113458,992.989595665674,0,1,0
stress,150,stress_clear_sky,hybrid_pso,10,9,33,1.0120278045386,761.225933076387,571.146859277881,190.079073798506,-338.012291159022,1084.77862609705,0,1,0
stress,150,stress_clear_sky,hybrid_pso,16,15,31,1.01180123452029,634.354944230322,486.862085529089,147.492858701233,-257.447126946435,898.155304109075,0,1,0
stress,150,stress_clear_sky,hybrid_pso,16,15,32,1.01202168240685,697.790438653354,525.443492225448,172.346946427906,-304.777178571323,993.381840801499,0,1,0
stress,150,stress_clear_sky,hybrid_pso,16,15,33,1.01197031478264,761.225933076387,570.563192500652,190.662740575735,-341.430399698828,1085.08573203386,0,1,0
stress,150,stress_clear_sky,hybrid_pso,17,16,30,1.01051371408681,433.277195444905,425.862756046475,7.41443939842939,-0.359170127729923,928.632625766239,0,1,0
stress,150,stress_clear_sky,hybrid_pso,17,16,31,1.0138340222759,433.277195444905,378.01980560906,55.2573898358449,-73.4760948595836,949.114675469876,1,1,1
stress,150,stress_clear_sky,hybrid_pso,17,16,32,1.01442569064542,476.604914989395,406.414228417981,70.1906865714139,-116.433726077807,1047.72411449564,1,1,1
stress,150,stress_clear_sky,hybrid_pso,17,16,33,1.01473000807522,519.932634533886,438.073599127318,81.8590354065674,-147.139380968719,1145.00870051176,1,1,1
stress,180,stress_clear_sky,voltwatt,9,8,31,1.03589268344716,519.932634533886,464.736256359398,55.196378174488,0,1134.44859492401,0,1,0
stress,180,stress_clear_sky,voltwatt,9,8,32,1.03738065817747,571.925897987274,496.053311707535,75.872586279739,0,1253.99550596044,0,1,0
stress,180,stress_clear_sky,voltwatt,9,8,33,1.03833507585491,623.919161440663,530.542683095151,93.3764783455121,0,1372.14334565096,0,1,0
stress,180,stress_clear_sky,voltwatt,10,9,30,1.03988900303248,761.225933076387,625.389029267273,135.836903809113,0,1054.43917063629,0,1,0
stress,180,stress_clear_sky,voltwatt,10,9,31,1.0475105538284,761.225933076387,521.326292395722,239.899640680665,0,1109.5820381373,0,1,0
stress,180,stress_clear_sky,voltwatt,10,9,32,1.04917535369997,837.348526384025,548.457082078714,288.891444305312,0,1231.97745358537,0,1,0
stress,180,stress_clear_sky,voltwatt,10,9,33,1.05022263689871,913.471119691664,581.19487080119,332.276248890474,0,1351.46787670088,0,1,0
stress,180,stress_clear_sky,voltwatt,11,10,18,1.04103012711738,891.6,714.589984864344,177.010015135656,0,671.752432918242,0,1,0
stress,180,stress_clear_sky,voltwatt,11,10,30,1.04889933289461,1114.5,735.05210006167,379.44789993833,0,981.148211380385,0,1,0
stress,180,stress_clear_sky,voltwatt,11,10,31,1.05715885585918,1114.5,569.667703677658,544.832296322342,0,1085.55612931189,0,1,0
stress,180,stress_clear_sky,voltwatt,11,10,32,1.05894470145245,1225.95,587.317060198938,638.632939801062,0,1213.93257136641,0,1,0
stress,180,stress_clear_sky,voltwatt,11,10,33,1.06005003254088,1337.4,614.164367030089,723.235632969911,0,1336.80777596127,0,1,0
stress,180,stress_clear_sky,voltwatt,12,11,18,1.04125853996775,891.6,710.92427490372,180.67572509628,0,675.630707526398,0,1,0
stress,180,stress_clear_sky,voltwatt,12,11,30,1.04904681780208,1114.5,732.09289823654,382.40710176346,0,983.358221022036,0,1,0
stress,180,stress_clear_sky,voltwatt,12,11,31,1.05728555358832,1114.5,567.121598877132,547.378401122868,0,1086.88844624784,0,1,0
stress,180,stress_clear_sky,voltwatt,12,11,32,1.05906684429079,1225.95,584.624541168716,641.325458831284,0,1215.23156759865,0,1,0
stress,180,stress_clear_sky,voltwatt,12,11,33,1.06016813609338,1337.4,611.323094337245,726.076905662755,0,1338.10947755777,0,1,0
stress,180,stress_clear_sky,voltwatt,13,12,18,1.04140599148796,891.6,708.557884542561,183.042115457439,0,678.112012762325,0,1,0
stress,180,stress_clear_sky,voltwatt,13,12,30,1.04914201928964,1114.5,730.182277803417,384.317722196583,0,984.777763600404,0,1,0
stress,180,stress_clear_sky,voltwatt,13,12,31,1.05736734437358,1114.5,565.479603105715,549.020396894285,0,1087.74363752283,0,1,0
stress,180,stress_clear_sky,voltwatt,13,12,32,1.05914569391734,1225.95,582.885723944614,643.064276055386,0,1216.06654828038,0,1,0
stress,180,stress_clear_sky,voltwatt,13,12,33,1.06024437778925,1337.4,609.488343093983,727.911656906017,0,1338.94617488253,0,1,0
stress,180,stress_clear_sky,voltwatt,14,13,18,1.04140599148796,891.6,708.557884542561,183.042115457439,0,678.112012762325,0,1,0
stress,180,stress_clear_sky,voltwatt,14,13,30,1.04914201928964,1114.5,730.182277803417,384.317722196583,0,984.777763600404,0,1,0
stress,180,stress_clear_sky,voltwatt,14,13,31,1.05736734437358,1114.5,565.479603105715,549.020396894285,0,1087.74363752283,0,1,0
stress,180,stress_clear_sky,voltwatt,14,13,32,1.05914569391734,1225.95,582.885723944614,643.064276055386,0,1216.06654828038,0,1,0
stress,180,stress_clear_sky,voltwatt,14,13,33,1.06024437778925,1337.4,609.488343093983,727.911656906017,0,1338.94617488253,0,1,0
stress,180,stress_clear_sky,voltwatt,15,14,18,1.04125853996775,891.6,710.92427490372,180.67572509628,0,675.630707526398,0,1,0
stress,180,stress_clear_sky,voltwatt,15,14,30,1.04904681780208,1114.5,732.09289823654,382.40710176346,0,983.358221022036,0,1,0
stress,180,stress_clear_sky,voltwatt,15,14,31,1.05728555358832,1114.5,567.121598877132,547.378401122868,0,1086.88844624784,0,1,0
stress,180,stress_clear_sky,voltwatt,15,14,32,1.05906684429079,1225.95,584.624541168716,641.325458831284,0,1215.23156759865,0,1,0
stress,180,stress_clear_sky,voltwatt,15,14,33,1.06016813609338,1337.4,611.323094337245,726.076905662755,0,1338.10947755777,0,1,0
stress,180,stress_clear_sky,voltwatt,16,15,30,1.04008532047044,761.225933076387,622.703673165005,138.522259911382,0,1056.02724298515,0,1,0
stress,180,stress_clear_sky,voltwatt,16,15,31,1.04768687852615,761.225933076387,518.906694370809,242.319238705577,0,1110.71564544539,0,1,0
stress,180,stress_clear_sky,voltwatt,16,15,32,1.04934725248749,837.348526384025,545.8729166183,291.475609765725,0,1233.12463925089,0,1,0
stress,180,stress_clear_sky,voltwatt,16,15,33,1.05039055183602,913.471119691664,578.439460766457,335.031658925207,0,1352.64950738475,0,1,0
stress,180,stress_clear_sky,voltwatt,17,16,31,1.0360801081362,519.932634533886,462.996660627084,56.935973906802,0,1135.15967808418,0,1,0
stress,180,stress_clear_sky,voltwatt,17,16,32,1.03756476387975,571.925897987274,494.171332612905,77.7545653743688,0,1254.73834365918,0,1,0
stress,180,stress_clear_sky,voltwatt,17,16,33,1.03851618400854,623.919161440663,528.521527265596,95.3976341750668,0,1372.92312050487,0,1,0
stress,180,stress_clear_sky,hybrid,10,9,31,1.03344364594969,761.225933076387,713.81450997051,47.4114231058766,-334.597740031823,996.705697714004,1,1,1
stress,180,stress_clear_sky,hybrid,10,9,32,1.03421867818618,837.348526384025,773.487069174102,63.8614572099229,-392.258560461771,1104.66799122879,1,1,1
stress,180,stress_clear_sky,hybrid,10,9,33,1.03441994242715,913.471119691664,840.456695345524,73.0144243461395,-434.893868468337,1207.42927032969,1,1,1
stress,180,stress_clear_sky,hybrid,11,10,18,1.03320131424783,891.6,840.065050601374,51.5349493986258,-166.804099687974,506.143150065385,1,1,1
stress,180,stress_clear_sky,hybrid,11,10,30,1.03680032078956,1114.5,977.831818306944,136.668181693056,-310.39704324156,739.458137832383,1,1,1
stress,180,stress_clear_sky,hybrid,11,10,31,1.04186268433725,1114.5,876.339819843575,238.160180156425,-468.167574711091,857.310866988475,1,1,1
stress,180,stress_clear_sky,hybrid,11,10,32,1.04262877888418,1225.95,947.026676880668,278.923323119332,-542.664234366487,960.05942019302,1,1,1
stress,180,stress_clear_sky,hybrid,11,10,33,1.04270726942287,1337.4,1031.15464227642,306.245357723579,-595.204389001808,1049.27260676708,1,1,1
stress,180,stress_clear_sky,hybrid,12,11,18,1.03333408293668,891.6,837.931897346436,53.6681026535635,-169.65516408961,509.666864735585,1,1,1
stress,180,stress_clear_sky,hybrid,12,11,30,1.03689150082894,1114.5,976.004095260117,138.495904739883,-313.102832172896,741.868862087822,1,1,1
stress,180,stress_clear_sky,hybrid,12,11,31,1.04192435821714,1114.5,875.099049132391,239.400950867609,-470.176930392118,858.577344627486,1,1,1
stress,180,stress_clear_sky,hybrid,12,11,32,1.0426833892429,1225.95,945.817070372064,280.132929627936,-544.643767334387,961.251104768055,1,1,1
stress,180,stress_clear_sky,hybrid,12,11,33,1.04275527408062,1337.4,1029.99335028033,307.406649719669,-597.10522619519,1050.41258464391,1,1,1
stress,180,stress_clear_sky,hybrid,13,12,18,1.03341967947118,891.6,836.556667324599,55.043332675401,-171.499889612941,511.921009487558,1,1,1
stress,180,stress_clear_sky,hybrid,13,12,30,1.03695034796137,1114.5,974.823045588836,139.676954411164,-314.848893696474,743.420091394432,1,1,1
stress,180,stress_clear_sky,hybrid,13,12,31,1.04196415561012,1114.5,874.297827842668,240.202172157331,-471.475130017255,859.393222413111,1,1,1
stress,180,stress_clear_sky,hybrid,13,12,32,1.04271862791677,1225.95,945.036252665914,280.913747334086,-545.922041690182,962.01876186079,1,1,1
stress,180,stress_clear_sky,hybrid,13,12,33,1.04278624965741,1337.4,1029.24388255622,308.15611744378,-598.332265797766,1051.14695919296,1,1,1
stress,180,stress_clear_sky,hybrid,14,13,18,1.03341967947118,891.6,836.556667324599,55.043332675401,-171.499889612941,511.921009487558,1,1,1
stress,180,stress_clear_sky,hybrid,14,13,30,1.03695034796137,1114.5,974.823045588836,139.676954411164,-314.848893696474,743.420091394432,1,1,1
stress,180,stress_clear_sky,hybrid,14,13,31,1.04196415561012,1114.5,874.297827842668,240.202172157331,-471.475130017255,859.393222413111,1,1,1
stress,180,stress_clear_sky,hybrid,14,13,32,1.04271862791677,1225.95,945.036252665914,280.913747334086,-545.922041690182,962.01876186079,1,1,1
stress,180,stress_clear_sky,hybrid,14,13,33,1.04278624965741,1337.4,1029.24388255622,308.15611744378,-598.332265797766,1051.14695919296,1,1,1
stress,180,stress_clear_sky,hybrid,15,14,18,1.03333408293668,891.6,837.931897346436,53.6681026535635,-169.65516408961,509.666864735585,1,1,1
stress,180,stress_clear_sky,hybrid,15,14,30,1.03689150082894,1114.5,976.004095260117,138.495904739883,-313.102832172896,741.868862087822,1,1,1
stress,180,stress_clear_sky,hybrid,15,14,31,1.04192435821714,1114.5,875.099049132391,239.400950867609,-470.176930392118,858.577344627486,1,1,1
stress,180,stress_clear_sky,hybrid,15,14,32,1.0426833892429,1225.95,945.817070372064,280.132929627936,-544.643767334387,961.251104768055,1,1,1
stress,180,stress_clear_sky,hybrid,15,14,33,1.04275527408062,1337.4,1029.99335028033,307.406649719669,-597.10522619519,1050.41258464391,1,1,1
stress,180,stress_clear_sky,hybrid,16,15,31,1.03352800388432,761.225933076387,712.655626477466,48.5703065989203,-336.977263565235,997.534641278191,1,1,1
stress,180,stress_clear_sky,hybrid,16,15,32,1.03429423032189,837.348526384025,772.348690513281,64.9998358707438,-394.628625347338,1105.46420895813,1,1,1
stress,180,stress_clear_sky,hybrid,16,15,33,1.03448754642481,913.471119691664,839.345061434308,74.1260582573556,-437.214409220421,1208.20228746921,1,1,1
stress,180,stress_clear_sky,hybrid_pso,9,8,31,1.01163444850173,519.932634533886,435.920032238728,84.0126022951579,-181.887993197208,1145.8303225142,0,1,0
stress,180,stress_clear_sky,hybrid_pso,9,8,32,1.01198359694161,571.925897987274,470.044889873715,101.881008113559,-225.666918059556,1263.97445327372,0,1,0
stress,180,stress_clear_sky,hybrid_pso,9,8,33,1.0120689995013,623.919161440663,508.710808716693,115.20835272397,-259.109830832757,1380.38625489202,0,1,0
stress,180,stress_clear_sky,hybrid_pso,17,16,31,1.01161287488007,519.932634533886,435.381476668969,84.5511578649167,-184.652396466322,1146.03506590049,0,1,0
stress,180,stress_clear_sky,hybrid_pso,17,16,32,1.01195238154107,571.925897987274,469.601100805807,102.324797181467,-228.459446330976,1264.13940020354,0,1,0
stress,180,stress_clear_sky,hybrid_pso,17,16,33,1.01202933879019,623.919161440663,508.375500231309,115.543661209354,-261.883449848751,1380.50977916296,0,1,0
stress,200,stress_clear_sky,voltwatt,9,8,30,1.03221457179917,577.702927259873,554.33936660654,23.3635606533328,0,1244.26922103218,0,1,0
stress,200,stress_clear_sky,voltwatt,9,8,31,1.03923968231963,577.702927259873,481.643968377202,96.0589588826713,0,1274.17311049309,0,1,0
stress,200,stress_clear_sky,voltwatt,9,8,32,1.04078249599938,635.47321998586,512.238283874836,123.234936111024,0,1408.10672683006,0,1,0
stress,200,stress_clear_sky,voltwatt,9,8,33,1.04176645261085,693.243512711848,546.581138081555,146.662374630292,0,1540.508428894,0,1,0
stress,200,stress_clear_sky,voltwatt,10,9,18,1.03286813480388,676.645273845677,641.717624110025,34.9276497356527,0,880.748107397548,0,1,0
stress,200,stress_clear_sky,voltwatt,10,9,30,1.0424720693129,845.806592307096,655.591487438665,190.215104868431,0,1194.02589141766,0,1,0
stress,200,stress_clear_sky,voltwatt,10,9,31,1.05030699930209,845.806592307096,536.657070075871,309.149522231226,0,1251.99729109745,0,1,0
stress,200,stress_clear_sky,voltwatt,10,9,32,1.05201419384803,930.387251537806,561.817919436891,368.569332100915,0,1389.0691987841,0,1,0
stress,200,stress_clear_sky,voltwatt,10,9,33,1.05308326900327,1014.96791076852,593.417587588444,421.550323180072,0,1523.08001324314,0,1,0
stress,200,stress_clear_sky,voltwatt,11,10,18,1.04391692620448,990.666666666667,742.51086271438,248.155803952286,0,797.619180141077,0,1,0
stress,200,stress_clear_sky,voltwatt,11,10,30,1.05111082672338,1238.33333333333,767.45604298165,470.877290351683,0,1125.39293132165,0,1,0
stress,200,stress_clear_sky,voltwatt,11,10,31,1.05948918081487,1238.33333333333,581.044426939726,657.288906393607,0,1232.02491926911,0,1,0
stress,200,stress_clear_sky,voltwatt,11,10,32,1.06129431961294,1362.16666666667,594.957286392905,767.209380273762,0,1375.20123653926,0,1,0
stress,200,stress_clear_sky,voltwatt,11,10,33,1.06240748297787,1486,619.310613535387,866.689386464612,0,1512.7364357225,0,1,0
stress,200,stress_clear_sky,voltwatt,12,11,18,1.04413137005956,990.666666666667,738.686951894996,251.97971477167,0,801.161859350442,0,1,0
stress,200,stress_clear_sky,voltwatt,12,11,30,1.0512490861913,1238.33333333333,764.372382427811,473.960950905522,0,1127.48964020048,0,1,0
stress,200,stress_clear_sky,voltwatt,12,11,31,1.05960590343932,1238.33333333333,578.443911291683,659.88942204165,0,1233.2480161214,0,1,0
stress,200,stress_clear_sky,voltwatt,12,11,32,1.06140633369195,1362.16666666667,592.2112746471,769.955392019566,0,1376.38599956261,0,1,0
stress,200,stress_clear_sky,voltwatt,12,11,33,1.06251538658349,1486,616.424292635256,869.575707364744,0,1513.91487589267,0,1,0
stress,200,stress_clear_sky,voltwatt,13,12,18,1.04426980427341,990.666666666667,736.218426558628,254.448240108039,0,803.430872056406,0,1,0
stress,200,stress_clear_sky,voltwatt,13,12,30,1.0513383326223,1238.33333333333,762.381880821191,475.951452512142,0,1128.83652296217,0,1,0
stress,200,stress_clear_sky,voltwatt,13,12,31,1.0596812525992,1238.33333333333,576.765173379208,661.568159954125,0,1234.0340200151,0,1,0
stress,200,stress_clear_sky,voltwatt,13,12,32,1.06147864464482,1362.16666666667,590.438580243545,771.728086423121,0,1377.1473764892,0,1,0
stress,200,stress_clear_sky,voltwatt,13,12,33,1.06258504469927,1486,614.561002986335,871.438997013665,0,1514.67221985763,0,1,0
stress,200,stress_clear_sky,voltwatt,14,13,18,1.04426980427341,990.666666666667,736.218426558628,254.448240108039,0,803.430872056406,0,1,0
stress,200,stress_clear_sky,voltwatt,14,13,30,1.0513383326223,1238.33333333333,762.381880821191,475.951452512142,0,1128.83652296217,0,1,0
stress,200,stress_clear_sky,voltwatt,14,13,31,1.0596812525992,1238.33333333333,576.765173379208,661.568159954125,0,1234.0340200151,0,1,0
stress,200,stress_clear_sky,voltwatt,14,13,32,1.06147864464482,1362.16666666667,590.438580243545,771.728086423121,0,1377.1473764892,0,1,0
stress,200,stress_clear_sky,voltwatt,14,13,33,1.06258504469927,1486,614.561002986335,871.438997013665,0,1514.67221985763,0,1,0
stress,200,stress_clear_sky,voltwatt,15,14,18,1.04413137005956,990.666666666667,738.686951894996,251.97971477167,0,801.161859350442,0,1,0
stress,200,stress_clear_sky,voltwatt,15,14,30,1.0512490861913,1238.33333333333,764.372382427811,473.960950905522,0,1127.48964020048,0,1,0
stress,200,stress_clear_sky,voltwatt,15,14,31,1.05960590343932,1238.33333333333,578.443911291683,659.88942204165,0,1233.2480161214,0,1,0
stress,200,stress_clear_sky,voltwatt,15,14,32,1.06140633369195,1362.16666666667,592.2112746471,769.955392019566,0,1376.38599956261,0,1,0
stress,200,stress_clear_sky,voltwatt,15,14,33,1.06251538658349,1486,616.424292635256,869.575707364744,0,1513.91487589267,0,1,0
stress,200,stress_clear_sky,voltwatt,16,15,18,1.0331294304309,676.645273845677,638.535281497299,38.1099923483785,0,883.058000394619,0,1,0
stress,200,stress_clear_sky,voltwatt,16,15,30,1.04264235394743,845.806592307096,652.996362338393,192.810229968703,0,1195.44710403706,0,1,0
stress,200,stress_clear_sky,voltwatt,16,15,31,1.05045930277182,845.806592307096,534.339763080485,311.466829226612,0,1252.98804677813,0,1,0
stress,200,stress_clear_sky,voltwatt,16,15,32,1.05216250861589,930.387251537806,559.334775157882,371.052476379924,0,1390.07094168254,0,1,0
stress,200,stress_clear_sky,voltwatt,16,15,33,1.05322786045237,1014.96791076852,590.77605852375,424.191852244766,0,1524.1065608005,0,1,0
stress,200,stress_clear_sky,voltwatt,17,16,30,1.03238086147036,577.702927259873,552.612113686869,25.0908135730038,0,1245.03730047911,0,1,0
stress,200,stress_clear_sky,voltwatt,17,16,31,1.03939393609079,577.702927259873,480.039833909336,97.6630933505367,0,1274.77832803907,0,1,0
stress,200,stress_clear_sky,voltwatt,17,16,32,1.04093405385512,635.47321998586,510.504114421816,124.969105564044,0,1408.73637092591,0,1,0
stress,200,stress_clear_sky,voltwatt,17,16,33,1.04191537773742,693.243512711848,544.721804790922,148.521707920926,0,1541.16686811822,0,1,0
stress,200,stress_clear_sky,hybrid,10,9,31,1.03445859956807,845.806592307096,777.719663285275,68.0869290218215,-403.870388680155,1118.32470826555,1,1,1
stress,200,stress_clear_sky,hybrid,10,9,32,1.03516160511028,930.387251537806,843.701555582952,86.6856959548541,-468.984069441084,1238.27311152186,1,1,1
stress,200,stress_clear_sky,hybrid,10,9,33,1.03526360369772,1014.96791076852,918.496949012667,96.4709617558488,-515.634764595243,1352.13923641555,1,1,1
stress,200,stress_clear_sky,hybrid,11,10,18,1.03455327328163,990.666666666667,909.468275282812,81.1983913838545,-218.299024246456,600.321742094924,1,1,1
stress,200,stress_clear_sky,hybrid,11,10,30,1.03764014746947,1238.33333333333,1068.05086596716,170.282467366173,-372.674701704491,845.437978496694,1,1,1
stress,200,stress_clear_sky,hybrid,11,10,31,1.04262956926818,1238.33333333333,956.857205006422,281.476128326911,-548.213775311354,969.495908709818,1,1,1
stress,200,stress_clear_sky,hybrid,11,10,32,1.04333902114201,1362.16666666667,1035.14509648932,327.021570177346,-631.806589283802,1083.34077871426,1,1,1
stress,200,stress_clear_sky,hybrid,11,10,33,1.04332056414446,1486,1129.72463208485,356.275367915147,-688.454334879124,1181.37183632451,1,1,1
stress,200,stress_clear_sky,hybrid,12,11,18,1.03467334036097,990.666666666667,907.328909649975,83.337757016692,-221.284520227436,603.550318938832,1,1,1
stress,200,stress_clear_sky,hybrid,12,11,30,1.03772477228042,1238.33333333333,1066.16668855699,172.166644776345,-375.511611724721,847.812844906943,1,1,1
stress,200,stress_clear_sky,hybrid,12,11,31,1.0426850808973,1238.33333333333,955.621753440845,282.711579892488,-550.245171610167,970.713702452181,1,1,1
stress,200,stress_clear_sky,hybrid,12,11,32,1.04338765492249,1362.16666666667,1033.95576136661,328.210905300054,-633.782776701455,1084.47595508056,1,1,1
stress,200,stress_clear_sky,hybrid,12,11,33,1.04336277191436,1486,1128.59906009953,357.400939900468,-690.323865699334,1182.44717494798,1,1,1
stress,200,stress_clear_sky,hybrid,13,12,18,1.03475076252466,990.666666666667,905.949351327079,84.7173153395877,-223.215147850786,605.619113476303,1,1,1
stress,200,stress_clear_sky,hybrid,13,12,30,1.03777938207179,1238.33333333333,1064.9506763037,173.382657029633,-377.345285922378,849.33979349732,1,1,1
stress,200,stress_clear_sky,hybrid,13,12,31,1.04272090083989,1238.33333333333,954.82485389976,283.508479433573,-551.557187106412,971.497568783926,1,1,1
stress,200,stress_clear_sky,hybrid,13,12,32,1.04341903556316,1362.16666666667,1033.18812301649,328.978543650177,-635.058900325092,1085.20731478772,1,1,1
stress,200,stress_clear_sky,hybrid,13,12,33,1.04339000463334,1486,1127.87263245208,358.127367547922,-691.530926972552,1183.14009524047,1,1,1
stress,200,stress_clear_sky,hybrid,14,13,18,1.03475076252466,990.666666666667,905.949351327079,84.7173153395877,-223.215147850786,605.619113476303,1,1,1
stress,200,stress_clear_sky,hybrid,14,13,30,1.03777938207179,1238.33333333333,1064.9506763037,173.382657029633,-377.345285922378,849.33979349732,1,1,1
stress,200,stress_clear_sky,hybrid,14,13,31,1.04272090083989,1238.33333333333,954.82485389976,283.508479433573,-551.557187106412,971.497568783926,1,1,1
stress,200,stress_clear_sky,hybrid,14,13,32,1.04341903556316,1362.16666666667,1033.18812301649,328.978543650177,-635.058900325092,1085.20731478772,1,1,1
stress,200,stress_clear_sky,hybrid,14,13,33,1.04339000463334,1486,1127.87263245208,358.127367547922,-691.530926972552,1183.14009524047,1,1,1
stress,200,stress_clear_sky,hybrid,15,14,18,1.03467334036097,990.666666666667,907.328909649975,83.337757016692,-221.284520227436,603.550318938832,1,1,1
stress,200,stress_clear_sky,hybrid,15,14,30,1.03772477228042,1238.33333333333,1066.16668855699,172.166644776345,-375.511611724721,847.812844906943,1,1,1
stress,200,stress_clear_sky,hybrid,15,14,31,1.0426850808973,1238.33333333333,955.621753440845,282.711579892488,-550.245171610167,970.713702452181,1,1,1
stress,200,stress_clear_sky,hybrid,15,14,32,1.04338765492249,1362.16666666667,1033.95576136661,328.210905300054,-633.782776701455,1084.47595508056,1,1,1
stress,200,stress_clear_sky,hybrid,15,14,33,1.04336277191436,1486,1128.59906009953,357.400939900468,-690.323865699334,1182.44717494798,1,1,1
stress,200,stress_clear_sky,hybrid,16,15,31,1.03453476858489,845.806592307096,776.560729880778,69.2458624263185,-406.291302661386,1119.12977825845,1,1,1
stress,200,stress_clear_sky,hybrid,16,15,32,1.03522906203738,930.387251537806,842.572133561266,87.8151179765398,-471.364773816421,1239.04189330189,1,1,1
stress,200,stress_clear_sky,hybrid,16,15,33,1.03532323828337,1014.96791076852,917.407483946838,97.5604268216777,-517.934223466396,1352.87865989465,1,1,1
stress,200,stress_clear_sky,hybrid_pso,9,8,31,1.01011651280984,577.702927259873,483.756780582414,93.946146677459,-255.671738069609,1273.37245337659,0,1,0
stress,200,stress_clear_sky,hybrid_pso,9,8,32,1.01030557046588,635.47321998586,523.729196217582,111.744023768278,-307.53691557618,1403.87333568253,0,1,0
stress,200,stress_clear_sky,hybrid_pso,9,8,33,1.01023404734693,693.243512711848,569.466557285847,123.776955426,-345.882641997476,1532.19613631317,0,1,0
stress,200,stress_clear_sky,hybrid_pso,10,9,18,1.01184149799762,676.645273845677,603.488256521218,73.157017324459,-94.5080473038884,907.370190175299,0,1,0
stress,200,stress_clear_sky,hybrid_pso,10,9,30,1.01209242528095,845.806592307096,692.294519249733,153.512073057364,-271.849591543603,1173.1267307476,0,1,0
stress,200,stress_clear_sky,hybrid_pso,10,9,31,1.01398888457135,845.806592307096,633.870554238574,211.936038068522,-414.551621975996,1205.69737009212,1,1,1
stress,200,stress_clear_sky,hybrid_pso,10,9,32,1.01409611098506,930.387251537806,689.2717117693,241.115539768506,-474.65918173468,1330.43493676532,1,1,1
stress,200,stress_clear_sky,hybrid_pso,10,9,33,1.01386597537035,1014.96791076852,753.294834225918,261.673076542598,-512.357285542389,1450.67710146971,1,1,1
stress,200,stress_clear_sky,hybrid_pso,16,15,18,1.01180252587675,676.645273845677,600.53293394699,76.1123398986874,-97.8955530564487,909.328836572776,0,1,0
stress,200,stress_clear_sky,hybrid_pso,16,15,30,1.01197608353019,845.806592307096,688.824067391922,156.982524915174,-274.437066832681,1175.16783140087,0,1,0
stress,200,stress_clear_sky,hybrid_pso,16,15,31,1.0138125308834,845.806592307096,629.753080846124,216.053511460972,-415.176058699677,1207.85308913899,1,1,1
stress,200,stress_clear_sky,hybrid_pso,16,15,32,1.01390633084616,930.387251537806,684.716679390038,245.670572147768,-475.007630595555,1332.7849348549,1,1,1
stress,200,stress_clear_sky,hybrid_pso,16,15,33,1.01366690534492,1014.96791076852,748.288125816691,266.679784951825,-512.541135097642,1453.26599105661,1,1,1
stress,200,stress_clear_sky,hybrid_pso,17,16,31,1.01007781667508,577.702927259873,483.334074492967,94.3688527669065,-258.65951842382,1273.53296000214,0,1,0
stress,200,stress_clear_sky,hybrid_pso,17,16,32,1.01025688452088,635.47321998586,523.431377346056,112.041842639805,-310.546190734966,1403.98440405181,0,1,0
stress,200,stress_clear_sky,hybrid_pso,17,16,33,1.01017660920595,693.243512711848,569.310226457643,123.933286254205,-348.85663483743,1532.25423022772,0,1,0
